Submit the Documentary,Afghanistan,0,Albania,0,Algeria,0,American Samoa,0,Andorra,0,Angola,0,Anguilla,0,Antarctica,0,Antigua & Barbuda,0,Argentina,0,Armenia,0,Aruba,0,Australia,0,Austria,0,Azerbaijan,0,Bahamas,0,Bahrain,0,Bangladesh,0,Barbados,0,Belarus,0,Belgium,0,Belize,0,Benin,0,Bermuda,0,Bhutan,0,Bolivia,0,Bosnia & Herzegovina,0,Botswana,0,Bouvet Island,0,Brazil,0,British Indian Ocean Territory,0,British Virgin Islands,0,Brunei,0,Bulgaria,0,Burkina Faso,0,Burundi,0,Cambodia,0,Cameroon,0,Canada,0,Cape Verde,0,Caribbean Netherlands,0,Cayman Islands,0,Central African Republic,0,Chad,0,Chile,0,China,0,Christmas Island,0,Cocos (Keeling) Islands,0,Colombia,0,Comoros,0,Congo - Brazzaville,0,Congo - Kinshasa,0,Cook Islands,0,Costa Rica,0,Croatia,0,Cuba,0,Curaçao,0,Cyprus,0,Czechia,0,Côte d’Ivoire,0,Denmark,0,Djibouti,0,Dominica,0,Dominican Republic,0,Ecuador,0,Egypt,0,El Salvador,0,Equatorial Guinea,0,Eritrea,0,Estonia,0,Ethiopia,0,Falkland Islands (Islas Malvinas),0,Faroe Islands,0,Fiji,0,Finland,0,France,0,French Guiana,0,French Polynesia,0,French Southern Territories,0,Gabon,0,Gambia,0,Georgia,0,Germany,0,Ghana,0,Gibraltar,0,Greece,0,Greenland,0,Grenada,0,Guadeloupe,0,Guam,0,Guatemala,0,Guernsey,0,Guinea,0,Guinea-Bissau,0,Guyana,0,Haiti,0,Heard & McDonald Islands,0,Honduras,0,Hong Kong,0,Hungary,0,Iceland,0,India,0,Indonesia,0,Iran,0,Iraq,0,Ireland,0,Isle of Man,0,Israel,0,Italy,0,Jamaica,0,Japan,0,Jersey,0,Jordan,0,Kazakhstan,0,Kenya,0,Kiribati,0,Kosovo,0,Kuwait,0,Kyrgyzstan,0,Laos,0,Latvia,0,Lebanon,0,Lesotho,0,Liberia,0,Libya,0,Liechtenstein,0,Lithuania,0,Luxembourg,0,Macau,0,Macedonia (FYROM),0,Madagascar,0,Malawi,0,Malaysia,0,Maldives,0,Mali,0,Malta,0,Marshall Islands,0,Martinique,0,Mauritania,0,Mauritius,0,Mayotte,0,Mexico,0,Micronesia,0,Moldova,0,Monaco,0,Mongolia,0,Montenegro,0,Montserrat,0,Morocco,0,Mozambique,0,Myanmar (Burma),0,Namibia,0,Nauru,0,Nepal,0,Netherlands,0,New Caledonia,0,New Zealand,0,Nicaragua,0,Niger,0,Nigeria,0,Niue,0,Norfolk Island,0,North Korea,0,Northern Mariana Islands,0,Norway,0,Oman,0,Pakistan,0,Palau,0,Palestine,0,Panama,0,Papua New Guinea,0,Paraguay,0,Peru,0,Philippines,0,Pitcairn Islands,0,Poland,0,Portugal,0,Puerto Rico,0,Qatar,0,Romania,0,Russia,0,Rwanda,0,Réunion,0,Samoa,0,San Marino,0,Saudi Arabia,0,Senegal,0,Serbia,0,Seychelles,0,Sierra Leone,0,Singapore,0,Sint Maarten,0,Slovakia,0,Slovenia,0,Solomon Islands,0,Somalia,0,South Africa,0,South Georgia & South Sandwich Islands,0,South Korea,0,South Sudan,0,Spain,0,Sri Lanka,0,St. Barthélemy,0,St. Helena,0,St. Kitts & Nevis,0,St. Lucia,0,St. Martin,0,St. Pierre & Miquelon,0,St. Vincent & Grenadines,0,Sudan,0,Suriname,0,Svalbard & Jan Mayen,0,Swaziland,0,Sweden,0,Switzerland,0,Syria,0,São Tomé & Príncipe,0,Taiwan,0,Tajikistan,0,Tanzania,0,Thailand,0,Timor-Leste,0,Togo,0,Tokelau,0,Tonga,0,Trinidad & Tobago,0,Tunisia,0,Turkey,0,Turkmenistan,0,Turks & Caicos Islands,0,Tuvalu,0,U.S. Outlying Islands,0,U.S. Virgin Islands,0,Uganda,0,Ukraine,0,United Arab Emirates,0,United Kingdom,0,United States,100,Uruguay,0,Uzbekistan,0,Vanuatu,0,Vatican City,0,Venezuela,0,Vietnam,0,Wallis & Futuna,0,Western Sahara,0,Yemen,0,Zambia,0,Zimbabwe,0,Åland Islands,0
Sunlight Jr.,Afghanistan,0,Albania,0,Algeria,0,American Samoa,0,Andorra,0,Angola,0,Anguilla,0,Antarctica,0,Antigua & Barbuda,0,Argentina,0,Armenia,0,Aruba,0,Australia,0,Austria,0,Azerbaijan,0,Bahamas,0,Bahrain,0,Bangladesh,0,Barbados,0,Belarus,0,Belgium,0,Belize,0,Benin,0,Bermuda,0,Bhutan,0,Bolivia,0,Bosnia & Herzegovina,0,Botswana,0,Bouvet Island,0,Brazil,19,British Indian Ocean Territory,0,British Virgin Islands,0,Brunei,0,Bulgaria,0,Burkina Faso,0,Burundi,0,Cambodia,0,Cameroon,0,Canada,0,Cape Verde,0,Caribbean Netherlands,0,Cayman Islands,0,Central African Republic,0,Chad,0,Chile,0,China,0,Christmas Island,0,Cocos (Keeling) Islands,0,Colombia,0,Comoros,0,Congo - Brazzaville,0,Congo - Kinshasa,0,Cook Islands,0,Costa Rica,0,Croatia,0,Cuba,0,Curaçao,0,Cyprus,0,Czechia,0,Côte d’Ivoire,0,Denmark,0,Djibouti,0,Dominica,0,Dominican Republic,0,Ecuador,0,Egypt,0,El Salvador,0,Equatorial Guinea,0,Eritrea,0,Estonia,0,Ethiopia,0,Falkland Islands (Islas Malvinas),0,Faroe Islands,0,Fiji,0,Finland,0,France,0,French Guiana,0,French Polynesia,0,French Southern Territories,0,Gabon,0,Gambia,0,Georgia,0,Germany,0,Ghana,0,Gibraltar,0,Greece,0,Greenland,0,Grenada,0,Guadeloupe,0,Guam,0,Guatemala,0,Guernsey,0,Guinea,0,Guinea-Bissau,0,Guyana,0,Haiti,0,Heard & McDonald Islands,0,Honduras,0,Hong Kong,0,Hungary,0,Iceland,0,India,0,Indonesia,0,Iran,0,Iraq,0,Ireland,0,Isle of Man,0,Israel,0,Italy,71,Jamaica,0,Japan,0,Jersey,0,Jordan,0,Kazakhstan,0,Kenya,0,Kiribati,0,Kosovo,0,Kuwait,0,Kyrgyzstan,0,Laos,0,Latvia,0,Lebanon,0,Lesotho,0,Liberia,0,Libya,0,Liechtenstein,0,Lithuania,0,Luxembourg,0,Macau,0,Macedonia (FYROM),0,Madagascar,0,Malawi,0,Malaysia,0,Maldives,0,Mali,0,Malta,0,Marshall Islands,0,Martinique,0,Mauritania,0,Mauritius,0,Mayotte,0,Mexico,0,Micronesia,0,Moldova,0,Monaco,0,Mongolia,0,Montenegro,0,Montserrat,0,Morocco,0,Mozambique,0,Myanmar (Burma),0,Namibia,0,Nauru,0,Nepal,0,Netherlands,0,New Caledonia,0,New Zealand,0,Nicaragua,0,Niger,0,Nigeria,0,Niue,0,Norfolk Island,0,North Korea,0,Northern Mariana Islands,0,Norway,0,Oman,0,Pakistan,0,Palau,0,Palestine,0,Panama,0,Papua New Guinea,0,Paraguay,0,Peru,0,Philippines,0,Pitcairn Islands,0,Poland,100,Portugal,0,Puerto Rico,0,Qatar,0,Romania,97,Russia,0,Rwanda,0,Réunion,0,Samoa,0,San Marino,0,Saudi Arabia,0,Senegal,0,Serbia,58,Seychelles,0,Sierra Leone,0,Singapore,0,Sint Maarten,0,Slovakia,0,Slovenia,0,Solomon Islands,0,Somalia,0,South Africa,0,South Georgia & South Sandwich Islands,0,South Korea,0,South Sudan,0,Spain,0,Sri Lanka,0,St. Barthélemy,0,St. Helena,0,St. Kitts & Nevis,0,St. Lucia,0,St. Martin,0,St. Pierre & Miquelon,0,St. Vincent & Grenadines,0,Sudan,0,Suriname,0,Svalbard & Jan Mayen,0,Swaziland,0,Sweden,0,Switzerland,0,Syria,0,São Tomé & Príncipe,0,Taiwan,0,Tajikistan,0,Tanzania,0,Thailand,0,Timor-Leste,0,Togo,0,Tokelau,0,Tonga,0,Trinidad & Tobago,0,Tunisia,0,Turkey,0,Turkmenistan,0,Turks & Caicos Islands,0,Tuvalu,0,U.S. Outlying Islands,0,U.S. Virgin Islands,0,Uganda,0,Ukraine,0,United Arab Emirates,0,United Kingdom,0,United States,78,Uruguay,0,Uzbekistan,0,Vanuatu,0,Vatican City,0,Venezuela,0,Vietnam,0,Wallis & Futuna,0,Western Sahara,0,Yemen,0,Zambia,0,Zimbabwe,0,Åland Islands,0
Super Buddies,Afghanistan,0,Albania,0,Algeria,0,American Samoa,0,Andorra,0,Angola,0,Anguilla,0,Antarctica,0,Antigua & Barbuda,0,Argentina,26,Armenia,0,Aruba,0,Australia,64,Austria,33,Azerbaijan,0,Bahamas,0,Bahrain,0,Bangladesh,0,Barbados,0,Belarus,0,Belgium,23,Belize,0,Benin,0,Bermuda,0,Bhutan,0,Bolivia,0,Bosnia & Herzegovina,0,Botswana,0,Bouvet Island,0,Brazil,13,British Indian Ocean Territory,0,British Virgin Islands,0,Brunei,0,Bulgaria,0,Burkina Faso,0,Burundi,0,Cambodia,0,Cameroon,0,Canada,80,Cape Verde,0,Caribbean Netherlands,0,Cayman Islands,0,Central African Republic,0,Chad,0,Chile,34,China,0,Christmas Island,0,Cocos (Keeling) Islands,0,Colombia,23,Comoros,0,Congo - Brazzaville,0,Congo - Kinshasa,0,Cook Islands,0,Costa Rica,0,Croatia,0,Cuba,0,Curaçao,0,Cyprus,0,Czechia,0,Côte d’Ivoire,0,Denmark,61,Djibouti,0,Dominica,0,Dominican Republic,0,Ecuador,0,Egypt,0,El Salvador,0,Equatorial Guinea,0,Eritrea,0,Estonia,0,Ethiopia,0,Falkland Islands (Islas Malvinas),0,Faroe Islands,0,Fiji,0,Finland,18,France,7,French Guiana,0,French Polynesia,0,French Southern Territories,0,Gabon,0,Gambia,0,Georgia,0,Germany,20,Ghana,0,Gibraltar,0,Greece,0,Greenland,0,Grenada,0,Guadeloupe,0,Guam,0,Guatemala,0,Guernsey,0,Guinea,0,Guinea-Bissau,0,Guyana,0,Haiti,0,Heard & McDonald Islands,0,Honduras,0,Hong Kong,0,Hungary,13,Iceland,0,India,13,Indonesia,10,Iran,0,Iraq,0,Ireland,54,Isle of Man,0,Israel,0,Italy,20,Jamaica,0,Japan,0,Jersey,0,Jordan,0,Kazakhstan,0,Kenya,0,Kiribati,0,Kosovo,0,Kuwait,0,Kyrgyzstan,0,Laos,0,Latvia,0,Lebanon,0,Lesotho,0,Liberia,0,Libya,0,Liechtenstein,0,Lithuania,0,Luxembourg,0,Macau,0,Macedonia (FYROM),0,Madagascar,0,Malawi,0,Malaysia,24,Maldives,0,Mali,0,Malta,0,Marshall Islands,0,Martinique,0,Mauritania,0,Mauritius,0,Mayotte,0,Mexico,23,Micronesia,0,Moldova,0,Monaco,0,Mongolia,0,Montenegro,0,Montserrat,0,Morocco,0,Mozambique,0,Myanmar (Burma),0,Namibia,0,Nauru,0,Nepal,0,Netherlands,31,New Caledonia,0,New Zealand,53,Nicaragua,0,Niger,0,Nigeria,0,Niue,0,Norfolk Island,0,North Korea,0,Northern Mariana Islands,0,Norway,42,Oman,0,Pakistan,32,Palau,0,Palestine,0,Panama,0,Papua New Guinea,0,Paraguay,0,Peru,0,Philippines,41,Pitcairn Islands,0,Poland,7,Portugal,26,Puerto Rico,100,Qatar,0,Romania,62,Russia,2,Rwanda,0,Réunion,0,Samoa,0,San Marino,0,Saudi Arabia,0,Senegal,0,Serbia,0,Seychelles,0,Sierra Leone,0,Singapore,36,Sint Maarten,0,Slovakia,0,Slovenia,0,Solomon Islands,0,Somalia,0,South Africa,42,South Georgia & South Sandwich Islands,0,South Korea,0,South Sudan,0,Spain,31,Sri Lanka,0,St. Barthélemy,0,St. Helena,0,St. Kitts & Nevis,0,St. Lucia,0,St. Martin,0,St. Pierre & Miquelon,0,St. Vincent & Grenadines,0,Sudan,0,Suriname,0,Svalbard & Jan Mayen,0,Swaziland,0,Sweden,67,Switzerland,18,Syria,0,São Tomé & Príncipe,0,Taiwan,0,Tajikistan,0,Tanzania,0,Thailand,67,Timor-Leste,0,Togo,0,Tokelau,0,Tonga,0,Trinidad & Tobago,0,Tunisia,0,Turkey,10,Turkmenistan,0,Turks & Caicos Islands,0,Tuvalu,0,U.S. Outlying Islands,0,U.S. Virgin Islands,0,Uganda,0,Ukraine,0,United Arab Emirates,0,United Kingdom,38,United States,75,Uruguay,0,Uzbekistan,0,Vanuatu,0,Vatican City,0,Venezuela,0,Vietnam,7,Wallis & Futuna,0,Western Sahara,0,Yemen,0,Zambia,0,Zimbabwe,0,Åland Islands,0
Superman: Unbound,Afghanistan,0,Albania,0,Algeria,4,American Samoa,0,Andorra,0,Angola,0,Anguilla,0,Antarctica,0,Antigua & Barbuda,0,Argentina,8,Armenia,0,Aruba,0,Australia,11,Austria,2,Azerbaijan,0,Bahamas,0,Bahrain,0,Bangladesh,13,Barbados,0,Belarus,0,Belgium,5,Belize,0,Benin,0,Bermuda,0,Bhutan,0,Bolivia,0,Bosnia & Herzegovina,0,Botswana,0,Bouvet Island,0,Brazil,3,British Indian Ocean Territory,0,British Virgin Islands,0,Brunei,0,Bulgaria,0,Burkina Faso,0,Burundi,0,Cambodia,0,Cameroon,0,Canada,15,Cape Verde,0,Caribbean Netherlands,0,Cayman Islands,0,Central African Republic,0,Chad,0,Chile,10,China,0,Christmas Island,0,Cocos (Keeling) Islands,0,Colombia,10,Comoros,0,Congo - Brazzaville,0,Congo - Kinshasa,0,Cook Islands,0,Costa Rica,16,Croatia,9,Cuba,0,Curaçao,0,Cyprus,15,Czechia,2,Côte d’Ivoire,0,Denmark,7,Djibouti,0,Dominica,0,Dominican Republic,16,Ecuador,10,Egypt,6,El Salvador,0,Equatorial Guinea,0,Eritrea,0,Estonia,0,Ethiopia,0,Falkland Islands (Islas Malvinas),0,Faroe Islands,0,Fiji,0,Finland,2,France,4,French Guiana,0,French Polynesia,0,French Southern Territories,0,Gabon,0,Gambia,0,Georgia,0,Germany,2,Ghana,0,Gibraltar,0,Greece,7,Greenland,0,Grenada,0,Guadeloupe,0,Guam,0,Guatemala,0,Guernsey,0,Guinea,0,Guinea-Bissau,0,Guyana,0,Haiti,0,Heard & McDonald Islands,0,Honduras,0,Hong Kong,5,Hungary,4,Iceland,0,India,6,Indonesia,3,Iran,0,Iraq,0,Ireland,11,Isle of Man,0,Israel,5,Italy,1,Jamaica,51,Japan,0,Jersey,0,Jordan,0,Kazakhstan,0,Kenya,9,Kiribati,0,Kosovo,0,Kuwait,0,Kyrgyzstan,0,Laos,0,Latvia,0,Lebanon,0,Lesotho,0,Liberia,0,Libya,0,Liechtenstein,0,Lithuania,0,Luxembourg,0,Macau,0,Macedonia (FYROM),0,Madagascar,0,Malawi,0,Malaysia,8,Maldives,0,Mali,0,Malta,0,Marshall Islands,0,Martinique,0,Mauritania,0,Mauritius,0,Mayotte,0,Mexico,10,Micronesia,0,Moldova,0,Monaco,0,Mongolia,0,Montenegro,0,Montserrat,0,Morocco,3,Mozambique,0,Myanmar (Burma),0,Namibia,0,Nauru,0,Nepal,0,Netherlands,3,New Caledonia,0,New Zealand,10,Nicaragua,0,Niger,0,Nigeria,9,Niue,0,Norfolk Island,0,North Korea,0,Northern Mariana Islands,0,Norway,7,Oman,0,Pakistan,12,Palau,0,Palestine,0,Panama,0,Papua New Guinea,0,Paraguay,0,Peru,7,Philippines,16,Pitcairn Islands,0,Poland,3,Portugal,6,Puerto Rico,35,Qatar,0,Romania,9,Russia,1,Rwanda,0,Réunion,0,Samoa,0,San Marino,0,Saudi Arabia,4,Senegal,0,Serbia,9,Seychelles,0,Sierra Leone,0,Singapore,13,Sint Maarten,0,Slovakia,0,Slovenia,0,Solomon Islands,0,Somalia,0,South Africa,9,South Georgia & South Sandwich Islands,0,South Korea,4,South Sudan,0,Spain,3,Sri Lanka,14,St. Barthélemy,0,St. Helena,0,St. Kitts & Nevis,0,St. Lucia,0,St. Martin,0,St. Pierre & Miquelon,0,St. Vincent & Grenadines,0,Sudan,0,Suriname,0,Svalbard & Jan Mayen,0,Swaziland,0,Sweden,6,Switzerland,2,Syria,0,São Tomé & Príncipe,0,Taiwan,2,Tajikistan,0,Tanzania,0,Thailand,2,Timor-Leste,0,Togo,0,Tokelau,0,Tonga,0,Trinidad & Tobago,100,Tunisia,5,Turkey,4,Turkmenistan,0,Turks & Caicos Islands,0,Tuvalu,0,U.S. Outlying Islands,0,U.S. Virgin Islands,0,Uganda,0,Ukraine,0,United Arab Emirates,10,United Kingdom,8,United States,11,Uruguay,0,Uzbekistan,0,Vanuatu,0,Vatican City,0,Venezuela,6,Vietnam,3,Wallis & Futuna,0,Western Sahara,0,Yemen,0,Zambia,0,Zimbabwe,0,Åland Islands,0
Sweetwater,Afghanistan,0,Albania,0,Algeria,0,American Samoa,0,Andorra,0,Angola,0,Anguilla,0,Antarctica,0,Antigua & Barbuda,0,Argentina,2,Armenia,0,Aruba,0,Australia,13,Austria,0,Azerbaijan,0,Bahamas,0,Bahrain,0,Bangladesh,0,Barbados,0,Belarus,0,Belgium,0,Belize,0,Benin,0,Bermuda,0,Bhutan,0,Bolivia,0,Bosnia & Herzegovina,0,Botswana,0,Bouvet Island,0,Brazil,1,British Indian Ocean Territory,0,British Virgin Islands,0,Brunei,0,Bulgaria,0,Burkina Faso,0,Burundi,0,Cambodia,0,Cameroon,0,Canada,17,Cape Verde,0,Caribbean Netherlands,0,Cayman Islands,0,Central African Republic,0,Chad,0,Chile,0,China,0,Christmas Island,0,Cocos (Keeling) Islands,0,Colombia,4,Comoros,0,Congo - Brazzaville,0,Congo - Kinshasa,0,Cook Islands,0,Costa Rica,0,Croatia,0,Cuba,0,Curaçao,0,Cyprus,0,Czechia,0,Côte d’Ivoire,0,Denmark,0,Djibouti,0,Dominica,0,Dominican Republic,0,Ecuador,0,Egypt,0,El Salvador,0,Equatorial Guinea,0,Eritrea,0,Estonia,0,Ethiopia,0,Falkland Islands (Islas Malvinas),0,Faroe Islands,0,Fiji,0,Finland,0,France,1,French Guiana,0,French Polynesia,0,French Southern Territories,0,Gabon,0,Gambia,0,Georgia,0,Germany,3,Ghana,0,Gibraltar,0,Greece,0,Greenland,0,Grenada,0,Guadeloupe,0,Guam,0,Guatemala,0,Guernsey,0,Guinea,0,Guinea-Bissau,0,Guyana,0,Haiti,0,Heard & McDonald Islands,0,Honduras,0,Hong Kong,0,Hungary,0,Iceland,0,India,2,Indonesia,0,Iran,0,Iraq,0,Ireland,0,Isle of Man,0,Israel,0,Italy,2,Jamaica,0,Japan,1,Jersey,0,Jordan,0,Kazakhstan,0,Kenya,0,Kiribati,0,Kosovo,0,Kuwait,0,Kyrgyzstan,0,Laos,0,Latvia,0,Lebanon,0,Lesotho,0,Liberia,0,Libya,0,Liechtenstein,0,Lithuania,0,Luxembourg,0,Macau,0,Macedonia (FYROM),0,Madagascar,0,Malawi,0,Malaysia,4,Maldives,0,Mali,0,Malta,0,Marshall Islands,0,Martinique,0,Mauritania,0,Mauritius,0,Mayotte,0,Mexico,5,Micronesia,0,Moldova,0,Monaco,0,Mongolia,0,Montenegro,0,Montserrat,0,Morocco,0,Mozambique,0,Myanmar (Burma),0,Namibia,0,Nauru,0,Nepal,0,Netherlands,2,New Caledonia,0,New Zealand,8,Nicaragua,0,Niger,0,Nigeria,0,Niue,0,Norfolk Island,0,North Korea,0,Northern Mariana Islands,0,Norway,0,Oman,0,Pakistan,0,Palau,0,Palestine,0,Panama,0,Papua New Guinea,0,Paraguay,0,Peru,0,Philippines,6,Pitcairn Islands,0,Poland,0,Portugal,0,Puerto Rico,53,Qatar,0,Romania,0,Russia,0,Rwanda,0,Réunion,0,Samoa,0,San Marino,0,Saudi Arabia,0,Senegal,0,Serbia,0,Seychelles,0,Sierra Leone,0,Singapore,8,Sint Maarten,0,Slovakia,0,Slovenia,0,Solomon Islands,0,Somalia,0,South Africa,7,South Georgia & South Sandwich Islands,0,South Korea,0,South Sudan,0,Spain,1,Sri Lanka,0,St. Barthélemy,0,St. Helena,0,St. Kitts & Nevis,0,St. Lucia,0,St. Martin,0,St. Pierre & Miquelon,0,St. Vincent & Grenadines,0,Sudan,0,Suriname,0,Svalbard & Jan Mayen,0,Swaziland,0,Sweden,4,Switzerland,0,Syria,0,São Tomé & Príncipe,0,Taiwan,4,Tajikistan,0,Tanzania,0,Thailand,0,Timor-Leste,0,Togo,0,Tokelau,0,Tonga,0,Trinidad & Tobago,0,Tunisia,0,Turkey,0,Turkmenistan,0,Turks & Caicos Islands,0,Tuvalu,0,U.S. Outlying Islands,0,U.S. Virgin Islands,0,Uganda,0,Ukraine,0,United Arab Emirates,0,United Kingdom,2,United States,100,Uruguay,0,Uzbekistan,0,Vanuatu,0,Vatican City,0,Venezuela,0,Vietnam,0,Wallis & Futuna,0,Western Sahara,0,Yemen,0,Zambia,0,Zimbabwe,0,Åland Islands,0
A Teacher,Afghanistan,0,Albania,0,Algeria,0,American Samoa,0,Andorra,0,Angola,0,Anguilla,0,Antarctica,0,Antigua & Barbuda,0,Argentina,0,Armenia,0,Aruba,0,Australia,7,Austria,0,Azerbaijan,0,Bahamas,0,Bahrain,0,Bangladesh,6,Barbados,0,Belarus,0,Belgium,0,Belize,0,Benin,0,Bermuda,0,Bhutan,0,Bolivia,3,Bosnia & Herzegovina,0,Botswana,0,Bouvet Island,0,Brazil,0,British Indian Ocean Territory,0,British Virgin Islands,0,Brunei,0,Bulgaria,0,Burkina Faso,0,Burundi,0,Cambodia,0,Cameroon,0,Canada,6,Cape Verde,0,Caribbean Netherlands,0,Cayman Islands,0,Central African Republic,0,Chad,0,Chile,0,China,0,Christmas Island,0,Cocos (Keeling) Islands,0,Colombia,1,Comoros,0,Congo - Brazzaville,0,Congo - Kinshasa,0,Cook Islands,0,Costa Rica,0,Croatia,0,Cuba,0,Curaçao,0,Cyprus,0,Czechia,0,Côte d’Ivoire,0,Denmark,0,Djibouti,0,Dominica,0,Dominican Republic,0,Ecuador,0,Egypt,1,El Salvador,0,Equatorial Guinea,0,Eritrea,0,Estonia,0,Ethiopia,0,Falkland Islands (Islas Malvinas),0,Faroe Islands,0,Fiji,0,Finland,0,France,0,French Guiana,0,French Polynesia,0,French Southern Territories,0,Gabon,0,Gambia,0,Georgia,0,Germany,0,Ghana,24,Gibraltar,0,Greece,1,Greenland,0,Grenada,0,Guadeloupe,0,Guam,0,Guatemala,0,Guernsey,0,Guinea,0,Guinea-Bissau,0,Guyana,0,Haiti,0,Heard & McDonald Islands,0,Honduras,0,Hong Kong,3,Hungary,0,Iceland,0,India,7,Indonesia,1,Iran,1,Iraq,0,Ireland,8,Isle of Man,0,Israel,0,Italy,1,Jamaica,26,Japan,0,Jersey,0,Jordan,0,Kazakhstan,0,Kenya,21,Kiribati,0,Kosovo,0,Kuwait,0,Kyrgyzstan,0,Laos,0,Latvia,0,Lebanon,8,Lesotho,0,Liberia,0,Libya,0,Liechtenstein,0,Lithuania,0,Luxembourg,0,Macau,0,Macedonia (FYROM),0,Madagascar,0,Malawi,0,Malaysia,3,Maldives,0,Mali,0,Malta,0,Marshall Islands,0,Martinique,0,Mauritania,0,Mauritius,0,Mayotte,0,Mexico,1,Micronesia,0,Moldova,0,Monaco,0,Mongolia,0,Montenegro,0,Montserrat,0,Morocco,0,Mozambique,0,Myanmar (Burma),0,Namibia,0,Nauru,0,Nepal,0,Netherlands,1,New Caledonia,0,New Zealand,7,Nicaragua,0,Niger,0,Nigeria,23,Niue,0,Norfolk Island,0,North Korea,0,Northern Mariana Islands,0,Norway,0,Oman,0,Pakistan,8,Palau,0,Palestine,0,Panama,0,Papua New Guinea,0,Paraguay,0,Peru,0,Philippines,20,Pitcairn Islands,0,Poland,0,Portugal,0,Puerto Rico,0,Qatar,0,Romania,1,Russia,0,Rwanda,0,Réunion,0,Samoa,0,San Marino,0,Saudi Arabia,1,Senegal,0,Serbia,0,Seychelles,0,Sierra Leone,0,Singapore,6,Sint Maarten,0,Slovakia,0,Slovenia,0,Solomon Islands,0,Somalia,0,South Africa,15,South Georgia & South Sandwich Islands,0,South Korea,2,South Sudan,0,Spain,1,Sri Lanka,9,St. Barthélemy,0,St. Helena,0,St. Kitts & Nevis,0,St. Lucia,0,St. Martin,0,St. Pierre & Miquelon,0,St. Vincent & Grenadines,0,Sudan,0,Suriname,0,Svalbard & Jan Mayen,0,Swaziland,0,Sweden,1,Switzerland,0,Syria,0,São Tomé & Príncipe,0,Taiwan,1,Tajikistan,0,Tanzania,9,Thailand,1,Timor-Leste,0,Togo,0,Tokelau,0,Tonga,0,Trinidad & Tobago,16,Tunisia,0,Turkey,0,Turkmenistan,0,Turks & Caicos Islands,0,Tuvalu,0,U.S. Outlying Islands,0,U.S. Virgin Islands,0,Uganda,16,Ukraine,0,United Arab Emirates,6,United Kingdom,7,United States,9,Uruguay,0,Uzbekistan,0,Vanuatu,0,Vatican City,0,Venezuela,0,Vietnam,1,Wallis & Futuna,0,Western Sahara,0,Yemen,0,Zambia,100,Zimbabwe,43,Åland Islands,0
Temptation: Confessions of a Marriage Counselor,Afghanistan,0,Albania,0,Algeria,2,American Samoa,0,Andorra,0,Angola,0,Anguilla,0,Antarctica,0,Antigua & Barbuda,0,Argentina,1,Armenia,0,Aruba,0,Australia,4,Austria,0,Azerbaijan,0,Bahamas,100,Bahrain,0,Bangladesh,0,Barbados,0,Belarus,0,Belgium,3,Belize,0,Benin,0,Bermuda,0,Bhutan,0,Bolivia,0,Bosnia & Herzegovina,0,Botswana,0,Bouvet Island,0,Brazil,0,British Indian Ocean Territory,0,British Virgin Islands,0,Brunei,0,Bulgaria,0,Burkina Faso,0,Burundi,0,Cambodia,0,Cameroon,0,Canada,5,Cape Verde,0,Caribbean Netherlands,0,Cayman Islands,0,Central African Republic,0,Chad,0,Chile,0,China,0,Christmas Island,0,Cocos (Keeling) Islands,0,Colombia,0,Comoros,0,Congo - Brazzaville,0,Congo - Kinshasa,0,Cook Islands,0,Costa Rica,0,Croatia,0,Cuba,0,Curaçao,0,Cyprus,0,Czechia,0,Côte d’Ivoire,0,Denmark,0,Djibouti,0,Dominica,0,Dominican Republic,0,Ecuador,0,Egypt,5,El Salvador,0,Equatorial Guinea,0,Eritrea,0,Estonia,0,Ethiopia,0,Falkland Islands (Islas Malvinas),0,Faroe Islands,0,Fiji,0,Finland,0,France,2,French Guiana,0,French Polynesia,0,French Southern Territories,0,Gabon,0,Gambia,0,Georgia,0,Germany,1,Ghana,0,Gibraltar,0,Greece,0,Greenland,0,Grenada,0,Guadeloupe,0,Guam,0,Guatemala,0,Guernsey,0,Guinea,0,Guinea-Bissau,0,Guyana,0,Haiti,0,Heard & McDonald Islands,0,Honduras,0,Hong Kong,0,Hungary,0,Iceland,0,India,1,Indonesia,1,Iran,9,Iraq,0,Ireland,0,Isle of Man,0,Israel,0,Italy,0,Jamaica,96,Japan,0,Jersey,0,Jordan,0,Kazakhstan,0,Kenya,12,Kiribati,0,Kosovo,0,Kuwait,0,Kyrgyzstan,0,Laos,0,Latvia,0,Lebanon,0,Lesotho,0,Liberia,0,Libya,0,Liechtenstein,0,Lithuania,0,Luxembourg,0,Macau,0,Macedonia (FYROM),0,Madagascar,0,Malawi,0,Malaysia,3,Maldives,0,Mali,0,Malta,0,Marshall Islands,0,Martinique,0,Mauritania,0,Mauritius,0,Mayotte,0,Mexico,1,Micronesia,0,Moldova,0,Monaco,0,Mongolia,0,Montenegro,0,Montserrat,0,Morocco,4,Mozambique,0,Myanmar (Burma),0,Namibia,0,Nauru,0,Nepal,0,Netherlands,3,New Caledonia,0,New Zealand,7,Nicaragua,0,Niger,0,Nigeria,0,Niue,0,Norfolk Island,0,North Korea,0,Northern Mariana Islands,0,Norway,0,Oman,0,Pakistan,3,Palau,0,Palestine,0,Panama,0,Papua New Guinea,0,Paraguay,0,Peru,0,Philippines,4,Pitcairn Islands,0,Poland,1,Portugal,0,Puerto Rico,0,Qatar,0,Romania,22,Russia,0,Rwanda,0,Réunion,0,Samoa,0,San Marino,0,Saudi Arabia,4,Senegal,0,Serbia,12,Seychelles,0,Sierra Leone,0,Singapore,2,Sint Maarten,0,Slovakia,0,Slovenia,0,Solomon Islands,0,Somalia,0,South Africa,27,South Georgia & South Sandwich Islands,0,South Korea,0,South Sudan,0,Spain,0,Sri Lanka,0,St. Barthélemy,0,St. Helena,0,St. Kitts & Nevis,0,St. Lucia,0,St. Martin,0,St. Pierre & Miquelon,0,St. Vincent & Grenadines,0,Sudan,0,Suriname,0,Svalbard & Jan Mayen,0,Swaziland,0,Sweden,4,Switzerland,0,Syria,0,São Tomé & Príncipe,0,Taiwan,1,Tajikistan,0,Tanzania,0,Thailand,0,Timor-Leste,0,Togo,0,Tokelau,0,Tonga,0,Trinidad & Tobago,86,Tunisia,0,Turkey,1,Turkmenistan,0,Turks & Caicos Islands,0,Tuvalu,0,U.S. Outlying Islands,0,U.S. Virgin Islands,0,Uganda,0,Ukraine,0,United Arab Emirates,6,United Kingdom,5,United States,7,Uruguay,0,Uzbekistan,0,Vanuatu,0,Vatican City,0,Venezuela,0,Vietnam,0,Wallis & Futuna,0,Western Sahara,0,Yemen,0,Zambia,0,Zimbabwe,0,Åland Islands,0
Test,Afghanistan,0,Albania,0,Algeria,16,American Samoa,0,Andorra,0,Angola,0,Anguilla,0,Antarctica,0,Antigua & Barbuda,0,Argentina,20,Armenia,0,Aruba,0,Australia,56,Austria,69,Azerbaijan,0,Bahamas,0,Bahrain,0,Bangladesh,46,Barbados,0,Belarus,0,Belgium,41,Belize,0,Benin,0,Bermuda,0,Bhutan,0,Bolivia,0,Bosnia & Herzegovina,0,Botswana,0,Bouvet Island,0,Brazil,7,British Indian Ocean Territory,0,British Virgin Islands,0,Brunei,0,Bulgaria,24,Burkina Faso,0,Burundi,0,Cambodia,0,Cameroon,0,Canada,47,Cape Verde,0,Caribbean Netherlands,0,Cayman Islands,0,Central African Republic,0,Chad,0,Chile,33,China,5,Christmas Island,0,Cocos (Keeling) Islands,0,Colombia,20,Comoros,0,Congo - Brazzaville,0,Congo - Kinshasa,0,Cook Islands,0,Costa Rica,0,Croatia,39,Cuba,0,Curaçao,0,Cyprus,0,Czechia,53,Côte d’Ivoire,0,Denmark,58,Djibouti,0,Dominica,0,Dominican Republic,0,Ecuador,21,Egypt,12,El Salvador,0,Equatorial Guinea,0,Eritrea,0,Estonia,0,Ethiopia,0,Falkland Islands (Islas Malvinas),0,Faroe Islands,0,Fiji,0,Finland,16,France,42,French Guiana,0,French Polynesia,0,French Southern Territories,0,Gabon,0,Gambia,0,Georgia,0,Germany,100,Ghana,0,Gibraltar,0,Greece,24,Greenland,0,Grenada,0,Guadeloupe,0,Guam,0,Guatemala,0,Guernsey,0,Guinea,0,Guinea-Bissau,0,Guyana,0,Haiti,0,Heard & McDonald Islands,0,Honduras,0,Hong Kong,28,Hungary,19,Iceland,0,India,56,Indonesia,17,Iran,9,Iraq,0,Ireland,55,Isle of Man,0,Israel,18,Italy,41,Jamaica,0,Japan,3,Jersey,0,Jordan,0,Kazakhstan,0,Kenya,0,Kiribati,0,Kosovo,0,Kuwait,0,Kyrgyzstan,0,Laos,0,Latvia,0,Lebanon,0,Lesotho,0,Liberia,0,Libya,0,Liechtenstein,0,Lithuania,0,Luxembourg,0,Macau,0,Macedonia (FYROM),0,Madagascar,0,Malawi,0,Malaysia,35,Maldives,0,Mali,0,Malta,0,Marshall Islands,0,Martinique,0,Mauritania,0,Mauritius,0,Mayotte,0,Mexico,15,Micronesia,0,Moldova,0,Monaco,0,Mongolia,0,Montenegro,0,Montserrat,0,Morocco,22,Mozambique,0,Myanmar (Burma),0,Namibia,0,Nauru,0,Nepal,0,Netherlands,39,New Caledonia,0,New Zealand,52,Nicaragua,0,Niger,0,Nigeria,33,Niue,0,Norfolk Island,0,North Korea,0,Northern Mariana Islands,0,Norway,89,Oman,0,Pakistan,80,Palau,0,Palestine,0,Panama,0,Papua New Guinea,0,Paraguay,0,Peru,20,Philippines,49,Pitcairn Islands,0,Poland,52,Portugal,12,Puerto Rico,0,Qatar,0,Romania,35,Russia,4,Rwanda,0,Réunion,0,Samoa,0,San Marino,0,Saudi Arabia,18,Senegal,0,Serbia,49,Seychelles,0,Sierra Leone,0,Singapore,46,Sint Maarten,0,Slovakia,46,Slovenia,43,Solomon Islands,0,Somalia,0,South Africa,46,South Georgia & South Sandwich Islands,0,South Korea,14,South Sudan,0,Spain,38,Sri Lanka,45,St. Barthélemy,0,St. Helena,0,St. Kitts & Nevis,0,St. Lucia,0,St. Martin,0,St. Pierre & Miquelon,0,St. Vincent & Grenadines,0,Sudan,0,Suriname,0,Svalbard & Jan Mayen,0,Swaziland,0,Sweden,56,Switzerland,65,Syria,0,São Tomé & Príncipe,0,Taiwan,8,Tajikistan,0,Tanzania,0,Thailand,21,Timor-Leste,0,Togo,0,Tokelau,0,Tonga,0,Trinidad & Tobago,0,Tunisia,0,Turkey,23,Turkmenistan,0,Turks & Caicos Islands,0,Tuvalu,0,U.S. Outlying Islands,0,U.S. Virgin Islands,0,Uganda,0,Ukraine,6,United Arab Emirates,44,United Kingdom,55,United States,52,Uruguay,0,Uzbekistan,0,Vanuatu,0,Vatican City,0,Venezuela,11,Vietnam,11,Wallis & Futuna,0,Western Sahara,0,Yemen,0,Zambia,0,Zimbabwe,0,Åland Islands,0
Texas Chainsaw 3D,Afghanistan,0,Albania,0,Algeria,21,American Samoa,0,Andorra,0,Angola,0,Anguilla,0,Antarctica,0,Antigua & Barbuda,0,Argentina,9,Armenia,0,Aruba,0,Australia,18,Austria,14,Azerbaijan,0,Bahamas,0,Bahrain,0,Bangladesh,0,Barbados,0,Belarus,0,Belgium,12,Belize,0,Benin,0,Bermuda,0,Bhutan,0,Bolivia,0,Bosnia & Herzegovina,0,Botswana,0,Bouvet Island,0,Brazil,4,British Indian Ocean Territory,0,British Virgin Islands,0,Brunei,0,Bulgaria,12,Burkina Faso,0,Burundi,0,Cambodia,0,Cameroon,0,Canada,27,Cape Verde,0,Caribbean Netherlands,0,Cayman Islands,0,Central African Republic,0,Chad,0,Chile,10,China,0,Christmas Island,0,Cocos (Keeling) Islands,0,Colombia,9,Comoros,0,Congo - Brazzaville,0,Congo - Kinshasa,0,Cook Islands,0,Costa Rica,0,Croatia,22,Cuba,0,Curaçao,0,Cyprus,0,Czechia,8,Côte d’Ivoire,0,Denmark,12,Djibouti,0,Dominica,0,Dominican Republic,0,Ecuador,14,Egypt,22,El Salvador,0,Equatorial Guinea,0,Eritrea,0,Estonia,0,Ethiopia,0,Falkland Islands (Islas Malvinas),0,Faroe Islands,0,Fiji,0,Finland,14,France,11,French Guiana,0,French Polynesia,0,French Southern Territories,0,Gabon,0,Gambia,0,Georgia,32,Germany,14,Ghana,0,Gibraltar,0,Greece,15,Greenland,0,Grenada,0,Guadeloupe,0,Guam,0,Guatemala,0,Guernsey,0,Guinea,0,Guinea-Bissau,0,Guyana,0,Haiti,0,Heard & McDonald Islands,0,Honduras,0,Hong Kong,11,Hungary,8,Iceland,0,India,12,Indonesia,14,Iran,7,Iraq,11,Ireland,27,Isle of Man,0,Israel,8,Italy,4,Jamaica,0,Japan,1,Jersey,0,Jordan,25,Kazakhstan,0,Kenya,0,Kiribati,0,Kosovo,0,Kuwait,25,Kyrgyzstan,0,Laos,0,Latvia,0,Lebanon,29,Lesotho,0,Liberia,0,Libya,0,Liechtenstein,0,Lithuania,0,Luxembourg,0,Macau,0,Macedonia (FYROM),0,Madagascar,0,Malawi,0,Malaysia,20,Maldives,0,Mali,0,Malta,0,Marshall Islands,0,Martinique,0,Mauritania,0,Mauritius,0,Mayotte,0,Mexico,12,Micronesia,0,Moldova,0,Monaco,0,Mongolia,0,Montenegro,0,Montserrat,0,Morocco,16,Mozambique,0,Myanmar (Burma),0,Namibia,0,Nauru,0,Nepal,0,Netherlands,11,New Caledonia,0,New Zealand,19,Nicaragua,0,Niger,0,Nigeria,0,Niue,0,Norfolk Island,0,North Korea,0,Northern Mariana Islands,0,Norway,14,Oman,0,Pakistan,81,Palau,0,Palestine,0,Panama,0,Papua New Guinea,0,Paraguay,0,Peru,5,Philippines,100,Pitcairn Islands,0,Poland,4,Portugal,10,Puerto Rico,47,Qatar,0,Romania,20,Russia,1,Rwanda,0,Réunion,0,Samoa,0,San Marino,0,Saudi Arabia,32,Senegal,0,Serbia,17,Seychelles,0,Sierra Leone,0,Singapore,15,Sint Maarten,0,Slovakia,8,Slovenia,0,Solomon Islands,0,Somalia,0,South Africa,13,South Georgia & South Sandwich Islands,0,South Korea,0,South Sudan,0,Spain,4,Sri Lanka,25,St. Barthélemy,0,St. Helena,0,St. Kitts & Nevis,0,St. Lucia,0,St. Martin,0,St. Pierre & Miquelon,0,St. Vincent & Grenadines,0,Sudan,0,Suriname,0,Svalbard & Jan Mayen,0,Swaziland,0,Sweden,18,Switzerland,7,Syria,0,São Tomé & Príncipe,0,Taiwan,9,Tajikistan,0,Tanzania,0,Thailand,24,Timor-Leste,0,Togo,0,Tokelau,0,Tonga,0,Trinidad & Tobago,63,Tunisia,16,Turkey,5,Turkmenistan,0,Turks & Caicos Islands,0,Tuvalu,0,U.S. Outlying Islands,0,U.S. Virgin Islands,0,Uganda,0,Ukraine,0,United Arab Emirates,24,United Kingdom,25,United States,40,Uruguay,0,Uzbekistan,0,Vanuatu,0,Vatican City,0,Venezuela,6,Vietnam,6,Wallis & Futuna,0,Western Sahara,0,Yemen,0,Zambia,0,Zimbabwe,0,Åland Islands,0
The Square,Afghanistan,0,Albania,0,Algeria,0,American Samoa,0,Andorra,0,Angola,0,Anguilla,0,Antarctica,0,Antigua & Barbuda,0,Argentina,3,Armenia,0,Aruba,0,Australia,43,Austria,0,Azerbaijan,0,Bahamas,0,Bahrain,0,Bangladesh,0,Barbados,0,Belarus,0,Belgium,8,Belize,0,Benin,0,Bermuda,0,Bhutan,0,Bolivia,0,Bosnia & Herzegovina,0,Botswana,0,Bouvet Island,0,Brazil,5,British Indian Ocean Territory,0,British Virgin Islands,0,Brunei,0,Bulgaria,0,Burkina Faso,0,Burundi,0,Cambodia,0,Cameroon,0,Canada,53,Cape Verde,0,Caribbean Netherlands,0,Cayman Islands,0,Central African Republic,0,Chad,0,Chile,0,China,0,Christmas Island,0,Cocos (Keeling) Islands,0,Colombia,0,Comoros,0,Congo - Brazzaville,0,Congo - Kinshasa,0,Cook Islands,0,Costa Rica,0,Croatia,0,Cuba,0,Curaçao,0,Cyprus,0,Czechia,0,Côte d’Ivoire,0,Denmark,13,Djibouti,0,Dominica,0,Dominican Republic,0,Ecuador,0,Egypt,6,El Salvador,0,Equatorial Guinea,0,Eritrea,0,Estonia,0,Ethiopia,0,Falkland Islands (Islas Malvinas),0,Faroe Islands,0,Fiji,0,Finland,0,France,5,French Guiana,0,French Polynesia,0,French Southern Territories,0,Gabon,0,Gambia,0,Georgia,0,Germany,4,Ghana,0,Gibraltar,0,Greece,7,Greenland,0,Grenada,0,Guadeloupe,0,Guam,0,Guatemala,0,Guernsey,0,Guinea,0,Guinea-Bissau,0,Guyana,0,Haiti,0,Heard & McDonald Islands,0,Honduras,0,Hong Kong,29,Hungary,0,Iceland,0,India,17,Indonesia,5,Iran,0,Iraq,0,Ireland,100,Isle of Man,0,Israel,7,Italy,5,Jamaica,0,Japan,2,Jersey,0,Jordan,0,Kazakhstan,0,Kenya,0,Kiribati,0,Kosovo,0,Kuwait,0,Kyrgyzstan,0,Laos,0,Latvia,0,Lebanon,0,Lesotho,0,Liberia,0,Libya,0,Liechtenstein,0,Lithuania,0,Luxembourg,0,Macau,0,Macedonia (FYROM),0,Madagascar,0,Malawi,0,Malaysia,20,Maldives,0,Mali,0,Malta,0,Marshall Islands,0,Martinique,0,Mauritania,0,Mauritius,0,Mayotte,0,Mexico,3,Micronesia,0,Moldova,0,Monaco,0,Mongolia,0,Montenegro,0,Montserrat,0,Morocco,0,Mozambique,0,Myanmar (Burma),0,Namibia,0,Nauru,0,Nepal,0,Netherlands,7,New Caledonia,0,New Zealand,38,Nicaragua,0,Niger,0,Nigeria,38,Niue,0,Norfolk Island,0,North Korea,0,Northern Mariana Islands,0,Norway,12,Oman,0,Pakistan,13,Palau,0,Palestine,0,Panama,0,Papua New Guinea,0,Paraguay,0,Peru,0,Philippines,48,Pitcairn Islands,0,Poland,3,Portugal,0,Puerto Rico,0,Qatar,0,Romania,0,Russia,2,Rwanda,0,Réunion,0,Samoa,0,San Marino,0,Saudi Arabia,6,Senegal,0,Serbia,0,Seychelles,0,Sierra Leone,0,Singapore,65,Sint Maarten,0,Slovakia,0,Slovenia,0,Solomon Islands,0,Somalia,0,South Africa,50,South Georgia & South Sandwich Islands,0,South Korea,6,South Sudan,0,Spain,4,Sri Lanka,0,St. Barthélemy,0,St. Helena,0,St. Kitts & Nevis,0,St. Lucia,0,St. Martin,0,St. Pierre & Miquelon,0,St. Vincent & Grenadines,0,Sudan,0,Suriname,0,Svalbard & Jan Mayen,0,Swaziland,0,Sweden,12,Switzerland,8,Syria,0,São Tomé & Príncipe,0,Taiwan,0,Tajikistan,0,Tanzania,0,Thailand,6,Timor-Leste,0,Togo,0,Tokelau,0,Tonga,0,Trinidad & Tobago,0,Tunisia,0,Turkey,1,Turkmenistan,0,Turks & Caicos Islands,0,Tuvalu,0,U.S. Outlying Islands,0,U.S. Virgin Islands,0,Uganda,0,Ukraine,0,United Arab Emirates,29,United Kingdom,64,United States,78,Uruguay,0,Uzbekistan,0,Vanuatu,0,Vatican City,0,Venezuela,0,Vietnam,2,Wallis & Futuna,0,Western Sahara,0,Yemen,0,Zambia,0,Zimbabwe,0,Åland Islands,0
This Is the End,Afghanistan,0,Albania,0,Algeria,0,American Samoa,0,Andorra,0,Angola,0,Anguilla,0,Antarctica,0,Antigua & Barbuda,0,Argentina,23,Armenia,0,Aruba,0,Australia,87,Austria,19,Azerbaijan,0,Bahamas,0,Bahrain,0,Bangladesh,0,Barbados,0,Belarus,0,Belgium,23,Belize,0,Benin,0,Bermuda,0,Bhutan,0,Bolivia,0,Bosnia & Herzegovina,0,Botswana,0,Bouvet Island,0,Brazil,10,British Indian Ocean Territory,0,British Virgin Islands,0,Brunei,0,Bulgaria,21,Burkina Faso,0,Burundi,0,Cambodia,0,Cameroon,0,Canada,85,Cape Verde,0,Caribbean Netherlands,0,Cayman Islands,0,Central African Republic,0,Chad,0,Chile,29,China,4,Christmas Island,0,Cocos (Keeling) Islands,0,Colombia,10,Comoros,0,Congo - Brazzaville,0,Congo - Kinshasa,0,Cook Islands,0,Costa Rica,0,Croatia,47,Cuba,0,Curaçao,0,Cyprus,0,Czechia,21,Côte d’Ivoire,0,Denmark,31,Djibouti,0,Dominica,0,Dominican Republic,0,Ecuador,0,Egypt,22,El Salvador,0,Equatorial Guinea,0,Eritrea,0,Estonia,0,Ethiopia,0,Falkland Islands (Islas Malvinas),0,Faroe Islands,0,Fiji,0,Finland,25,France,15,French Guiana,0,French Polynesia,0,French Southern Territories,0,Gabon,0,Gambia,0,Georgia,0,Germany,16,Ghana,0,Gibraltar,0,Greece,40,Greenland,0,Grenada,0,Guadeloupe,0,Guam,0,Guatemala,0,Guernsey,0,Guinea,0,Guinea-Bissau,0,Guyana,0,Haiti,0,Heard & McDonald Islands,0,Honduras,0,Hong Kong,32,Hungary,25,Iceland,0,India,21,Indonesia,14,Iran,19,Iraq,0,Ireland,74,Isle of Man,0,Israel,27,Italy,14,Jamaica,0,Japan,3,Jersey,0,Jordan,0,Kazakhstan,0,Kenya,0,Kiribati,0,Kosovo,0,Kuwait,0,Kyrgyzstan,0,Laos,0,Latvia,0,Lebanon,0,Lesotho,0,Liberia,0,Libya,0,Liechtenstein,0,Lithuania,28,Luxembourg,0,Macau,0,Macedonia (FYROM),0,Madagascar,0,Malawi,0,Malaysia,28,Maldives,0,Mali,0,Malta,0,Marshall Islands,0,Martinique,0,Mauritania,0,Mauritius,0,Mayotte,0,Mexico,21,Micronesia,0,Moldova,0,Monaco,0,Mongolia,0,Montenegro,0,Montserrat,0,Morocco,17,Mozambique,0,Myanmar (Burma),0,Namibia,0,Nauru,0,Nepal,0,Netherlands,24,New Caledonia,0,New Zealand,76,Nicaragua,0,Niger,0,Nigeria,29,Niue,0,Norfolk Island,0,North Korea,0,Northern Mariana Islands,0,Norway,41,Oman,0,Pakistan,34,Palau,0,Palestine,0,Panama,0,Papua New Guinea,0,Paraguay,0,Peru,10,Philippines,75,Pitcairn Islands,0,Poland,15,Portugal,26,Puerto Rico,63,Qatar,0,Romania,35,Russia,8,Rwanda,0,Réunion,0,Samoa,0,San Marino,0,Saudi Arabia,23,Senegal,0,Serbia,37,Seychelles,0,Sierra Leone,0,Singapore,45,Sint Maarten,0,Slovakia,20,Slovenia,0,Solomon Islands,0,Somalia,0,South Africa,51,South Georgia & South Sandwich Islands,0,South Korea,17,South Sudan,0,Spain,13,Sri Lanka,0,St. Barthélemy,0,St. Helena,0,St. Kitts & Nevis,0,St. Lucia,0,St. Martin,0,St. Pierre & Miquelon,0,St. Vincent & Grenadines,0,Sudan,0,Suriname,0,Svalbard & Jan Mayen,0,Swaziland,0,Sweden,43,Switzerland,17,Syria,0,São Tomé & Príncipe,0,Taiwan,10,Tajikistan,0,Tanzania,0,Thailand,10,Timor-Leste,0,Togo,0,Tokelau,0,Tonga,0,Trinidad & Tobago,0,Tunisia,0,Turkey,11,Turkmenistan,0,Turks & Caicos Islands,0,Tuvalu,0,U.S. Outlying Islands,0,U.S. Virgin Islands,0,Uganda,0,Ukraine,8,United Arab Emirates,39,United Kingdom,59,United States,100,Uruguay,0,Uzbekistan,0,Vanuatu,0,Vatican City,0,Venezuela,10,Vietnam,10,Wallis & Futuna,0,Western Sahara,0,Yemen,0,Zambia,0,Zimbabwe,0,Åland Islands,0
Thor: The Dark World,Afghanistan,0,Albania,0,Algeria,10,American Samoa,0,Andorra,0,Angola,0,Anguilla,0,Antarctica,0,Antigua & Barbuda,0,Argentina,9,Armenia,0,Aruba,0,Australia,38,Austria,7,Azerbaijan,0,Bahamas,0,Bahrain,0,Bangladesh,68,Barbados,0,Belarus,0,Belgium,15,Belize,0,Benin,0,Bermuda,0,Bhutan,0,Bolivia,0,Bosnia & Herzegovina,25,Botswana,0,Bouvet Island,0,Brazil,5,British Indian Ocean Territory,0,British Virgin Islands,0,Brunei,0,Bulgaria,13,Burkina Faso,0,Burundi,0,Cambodia,0,Cameroon,0,Canada,33,Cape Verde,0,Caribbean Netherlands,0,Cayman Islands,0,Central African Republic,0,Chad,0,Chile,13,China,0,Christmas Island,0,Cocos (Keeling) Islands,0,Colombia,6,Comoros,0,Congo - Brazzaville,0,Congo - Kinshasa,0,Cook Islands,0,Costa Rica,0,Croatia,31,Cuba,0,Curaçao,0,Cyprus,0,Czechia,17,Côte d’Ivoire,0,Denmark,27,Djibouti,0,Dominica,0,Dominican Republic,17,Ecuador,11,Egypt,35,El Salvador,0,Equatorial Guinea,0,Eritrea,0,Estonia,0,Ethiopia,0,Falkland Islands (Islas Malvinas),0,Faroe Islands,0,Fiji,0,Finland,19,France,4,French Guiana,0,French Polynesia,0,French Southern Territories,0,Gabon,0,Gambia,0,Georgia,0,Germany,5,Ghana,0,Gibraltar,0,Greece,25,Greenland,0,Grenada,0,Guadeloupe,0,Guam,0,Guatemala,0,Guernsey,0,Guinea,0,Guinea-Bissau,0,Guyana,0,Haiti,0,Heard & McDonald Islands,0,Honduras,0,Hong Kong,17,Hungary,10,Iceland,0,India,34,Indonesia,33,Iran,17,Iraq,16,Ireland,39,Isle of Man,0,Israel,19,Italy,37,Jamaica,67,Japan,1,Jersey,0,Jordan,22,Kazakhstan,0,Kenya,0,Kiribati,0,Kosovo,0,Kuwait,32,Kyrgyzstan,0,Laos,0,Latvia,0,Lebanon,0,Lesotho,0,Liberia,0,Libya,0,Liechtenstein,0,Lithuania,0,Luxembourg,0,Macau,0,Macedonia (FYROM),0,Madagascar,0,Malawi,0,Malaysia,60,Maldives,0,Mali,0,Malta,0,Marshall Islands,0,Martinique,0,Mauritania,0,Mauritius,0,Mayotte,0,Mexico,15,Micronesia,0,Moldova,0,Monaco,0,Mongolia,0,Montenegro,0,Montserrat,0,Morocco,11,Mozambique,0,Myanmar (Burma),0,Namibia,0,Nauru,0,Nepal,0,Netherlands,19,New Caledonia,0,New Zealand,46,Nicaragua,0,Niger,0,Nigeria,33,Niue,0,Norfolk Island,0,North Korea,0,Northern Mariana Islands,0,Norway,36,Oman,0,Pakistan,67,Palau,0,Palestine,0,Panama,0,Papua New Guinea,0,Paraguay,0,Peru,7,Philippines,87,Pitcairn Islands,0,Poland,6,Portugal,18,Puerto Rico,42,Qatar,40,Romania,49,Russia,2,Rwanda,0,Réunion,0,Samoa,0,San Marino,0,Saudi Arabia,21,Senegal,0,Serbia,34,Seychelles,0,Sierra Leone,0,Singapore,63,Sint Maarten,0,Slovakia,13,Slovenia,0,Solomon Islands,0,Somalia,0,South Africa,26,South Georgia & South Sandwich Islands,0,South Korea,11,South Sudan,0,Spain,4,Sri Lanka,43,St. Barthélemy,0,St. Helena,0,St. Kitts & Nevis,0,St. Lucia,0,St. Martin,0,St. Pierre & Miquelon,0,St. Vincent & Grenadines,0,Sudan,0,Suriname,0,Svalbard & Jan Mayen,0,Swaziland,0,Sweden,26,Switzerland,7,Syria,0,São Tomé & Príncipe,0,Taiwan,6,Tajikistan,0,Tanzania,0,Thailand,40,Timor-Leste,0,Togo,0,Tokelau,0,Tonga,0,Trinidad & Tobago,100,Tunisia,17,Turkey,10,Turkmenistan,0,Turks & Caicos Islands,0,Tuvalu,0,U.S. Outlying Islands,0,U.S. Virgin Islands,0,Uganda,0,Ukraine,0,United Arab Emirates,39,United Kingdom,35,United States,29,Uruguay,0,Uzbekistan,0,Vanuatu,0,Vatican City,0,Venezuela,7,Vietnam,16,Wallis & Futuna,0,Western Sahara,0,Yemen,0,Zambia,0,Zimbabwe,0,Åland Islands,0
Turbo,Afghanistan,0,Albania,0,Algeria,3,American Samoa,0,Andorra,0,Angola,0,Anguilla,0,Antarctica,0,Antigua & Barbuda,0,Argentina,3,Armenia,0,Aruba,0,Australia,8,Austria,5,Azerbaijan,100,Bahamas,0,Bahrain,0,Bangladesh,0,Barbados,0,Belarus,0,Belgium,5,Belize,0,Benin,0,Bermuda,0,Bhutan,0,Bolivia,0,Bosnia & Herzegovina,0,Botswana,0,Bouvet Island,0,Brazil,6,British Indian Ocean Territory,0,British Virgin Islands,0,Brunei,0,Bulgaria,5,Burkina Faso,0,Burundi,0,Cambodia,0,Cameroon,0,Canada,5,Cape Verde,0,Caribbean Netherlands,0,Cayman Islands,0,Central African Republic,0,Chad,0,Chile,4,China,1,Christmas Island,0,Cocos (Keeling) Islands,0,Colombia,3,Comoros,0,Congo - Brazzaville,0,Congo - Kinshasa,0,Cook Islands,0,Costa Rica,0,Croatia,7,Cuba,0,Curaçao,0,Cyprus,0,Czechia,5,Côte d’Ivoire,0,Denmark,4,Djibouti,0,Dominica,0,Dominican Republic,6,Ecuador,3,Egypt,1,El Salvador,0,Equatorial Guinea,0,Eritrea,0,Estonia,0,Ethiopia,0,Falkland Islands (Islas Malvinas),0,Faroe Islands,0,Fiji,0,Finland,5,France,6,French Guiana,0,French Polynesia,0,French Southern Territories,0,Gabon,0,Gambia,0,Georgia,0,Germany,4,Ghana,0,Gibraltar,0,Greece,6,Greenland,0,Grenada,0,Guadeloupe,0,Guam,0,Guatemala,5,Guernsey,0,Guinea,0,Guinea-Bissau,0,Guyana,0,Haiti,0,Heard & McDonald Islands,0,Honduras,0,Hong Kong,2,Hungary,5,Iceland,0,India,4,Indonesia,4,Iran,1,Iraq,0,Ireland,4,Isle of Man,0,Israel,1,Italy,4,Jamaica,0,Japan,0,Jersey,0,Jordan,0,Kazakhstan,0,Kenya,0,Kiribati,0,Kosovo,0,Kuwait,0,Kyrgyzstan,0,Laos,0,Latvia,0,Lebanon,0,Lesotho,0,Liberia,0,Libya,0,Liechtenstein,0,Lithuania,4,Luxembourg,0,Macau,0,Macedonia (FYROM),0,Madagascar,0,Malawi,0,Malaysia,6,Maldives,0,Mali,0,Malta,0,Marshall Islands,0,Martinique,0,Mauritania,0,Mauritius,0,Mayotte,0,Mexico,4,Micronesia,0,Moldova,0,Monaco,0,Mongolia,0,Montenegro,0,Montserrat,0,Morocco,2,Mozambique,0,Myanmar (Burma),0,Namibia,0,Nauru,0,Nepal,0,Netherlands,4,New Caledonia,0,New Zealand,8,Nicaragua,0,Niger,0,Nigeria,0,Niue,0,Norfolk Island,0,North Korea,0,Northern Mariana Islands,0,Norway,5,Oman,0,Pakistan,4,Palau,0,Palestine,0,Panama,0,Papua New Guinea,0,Paraguay,0,Peru,2,Philippines,4,Pitcairn Islands,0,Poland,6,Portugal,7,Puerto Rico,8,Qatar,7,Romania,4,Russia,2,Rwanda,0,Réunion,0,Samoa,0,San Marino,0,Saudi Arabia,2,Senegal,0,Serbia,4,Seychelles,0,Sierra Leone,0,Singapore,3,Sint Maarten,0,Slovakia,6,Slovenia,5,Solomon Islands,0,Somalia,0,South Africa,7,South Georgia & South Sandwich Islands,0,South Korea,0,South Sudan,0,Spain,4,Sri Lanka,0,St. Barthélemy,0,St. Helena,0,St. Kitts & Nevis,0,St. Lucia,0,St. Martin,0,St. Pierre & Miquelon,0,St. Vincent & Grenadines,0,Sudan,0,Suriname,0,Svalbard & Jan Mayen,0,Swaziland,0,Sweden,5,Switzerland,5,Syria,0,São Tomé & Príncipe,0,Taiwan,2,Tajikistan,0,Tanzania,0,Thailand,2,Timor-Leste,0,Togo,0,Tokelau,0,Tonga,0,Trinidad & Tobago,0,Tunisia,4,Turkey,3,Turkmenistan,0,Turks & Caicos Islands,0,Tuvalu,0,U.S. Outlying Islands,0,U.S. Virgin Islands,0,Uganda,0,Ukraine,2,United Arab Emirates,7,United Kingdom,5,United States,7,Uruguay,0,Uzbekistan,0,Vanuatu,0,Vatican City,0,Venezuela,3,Vietnam,1,Wallis & Futuna,0,Western Sahara,0,Yemen,0,Zambia,0,Zimbabwe,0,Åland Islands,0
Tyler Perry Presents Peeples,Afghanistan,0,Albania,0,Algeria,0,American Samoa,0,Andorra,0,Angola,0,Anguilla,0,Antarctica,0,Antigua & Barbuda,0,Argentina,0,Armenia,0,Aruba,0,Australia,0,Austria,0,Azerbaijan,0,Bahamas,0,Bahrain,0,Bangladesh,0,Barbados,0,Belarus,0,Belgium,0,Belize,0,Benin,0,Bermuda,0,Bhutan,0,Bolivia,0,Bosnia & Herzegovina,0,Botswana,0,Bouvet Island,0,Brazil,0,British Indian Ocean Territory,0,British Virgin Islands,0,Brunei,0,Bulgaria,0,Burkina Faso,0,Burundi,0,Cambodia,0,Cameroon,0,Canada,100,Cape Verde,0,Caribbean Netherlands,0,Cayman Islands,0,Central African Republic,0,Chad,0,Chile,0,China,0,Christmas Island,0,Cocos (Keeling) Islands,0,Colombia,0,Comoros,0,Congo - Brazzaville,0,Congo - Kinshasa,0,Cook Islands,0,Costa Rica,0,Croatia,0,Cuba,0,Curaçao,0,Cyprus,0,Czechia,0,Côte d’Ivoire,0,Denmark,0,Djibouti,0,Dominica,0,Dominican Republic,0,Ecuador,0,Egypt,0,El Salvador,0,Equatorial Guinea,0,Eritrea,0,Estonia,0,Ethiopia,0,Falkland Islands (Islas Malvinas),0,Faroe Islands,0,Fiji,0,Finland,0,France,0,French Guiana,0,French Polynesia,0,French Southern Territories,0,Gabon,0,Gambia,0,Georgia,0,Germany,0,Ghana,0,Gibraltar,0,Greece,0,Greenland,0,Grenada,0,Guadeloupe,0,Guam,0,Guatemala,0,Guernsey,0,Guinea,0,Guinea-Bissau,0,Guyana,0,Haiti,0,Heard & McDonald Islands,0,Honduras,0,Hong Kong,0,Hungary,0,Iceland,0,India,0,Indonesia,0,Iran,0,Iraq,0,Ireland,0,Isle of Man,0,Israel,0,Italy,0,Jamaica,0,Japan,0,Jersey,0,Jordan,0,Kazakhstan,0,Kenya,0,Kiribati,0,Kosovo,0,Kuwait,0,Kyrgyzstan,0,Laos,0,Latvia,0,Lebanon,0,Lesotho,0,Liberia,0,Libya,0,Liechtenstein,0,Lithuania,0,Luxembourg,0,Macau,0,Macedonia (FYROM),0,Madagascar,0,Malawi,0,Malaysia,0,Maldives,0,Mali,0,Malta,0,Marshall Islands,0,Martinique,0,Mauritania,0,Mauritius,0,Mayotte,0,Mexico,0,Micronesia,0,Moldova,0,Monaco,0,Mongolia,0,Montenegro,0,Montserrat,0,Morocco,0,Mozambique,0,Myanmar (Burma),0,Namibia,0,Nauru,0,Nepal,0,Netherlands,0,New Caledonia,0,New Zealand,0,Nicaragua,0,Niger,0,Nigeria,0,Niue,0,Norfolk Island,0,North Korea,0,Northern Mariana Islands,0,Norway,0,Oman,0,Pakistan,0,Palau,0,Palestine,0,Panama,0,Papua New Guinea,0,Paraguay,0,Peru,0,Philippines,0,Pitcairn Islands,0,Poland,0,Portugal,0,Puerto Rico,0,Qatar,0,Romania,0,Russia,0,Rwanda,0,Réunion,0,Samoa,0,San Marino,0,Saudi Arabia,0,Senegal,0,Serbia,0,Seychelles,0,Sierra Leone,0,Singapore,0,Sint Maarten,0,Slovakia,0,Slovenia,0,Solomon Islands,0,Somalia,0,South Africa,0,South Georgia & South Sandwich Islands,0,South Korea,0,South Sudan,0,Spain,0,Sri Lanka,0,St. Barthélemy,0,St. Helena,0,St. Kitts & Nevis,0,St. Lucia,0,St. Martin,0,St. Pierre & Miquelon,0,St. Vincent & Grenadines,0,Sudan,0,Suriname,0,Svalbard & Jan Mayen,0,Swaziland,0,Sweden,0,Switzerland,0,Syria,0,São Tomé & Príncipe,0,Taiwan,0,Tajikistan,0,Tanzania,0,Thailand,0,Timor-Leste,0,Togo,0,Tokelau,0,Tonga,0,Trinidad & Tobago,0,Tunisia,0,Turkey,0,Turkmenistan,0,Turks & Caicos Islands,0,Tuvalu,0,U.S. Outlying Islands,0,U.S. Virgin Islands,0,Uganda,0,Ukraine,0,United Arab Emirates,0,United Kingdom,0,United States,64,Uruguay,0,Uzbekistan,0,Vanuatu,0,Vatican City,0,Venezuela,0,Vietnam,0,Wallis & Futuna,0,Western Sahara,0,Yemen,0,Zambia,0,Zimbabwe,0,Åland Islands,0
UnHung Hero,Afghanistan,0,Albania,0,Algeria,0,American Samoa,0,Andorra,0,Angola,0,Anguilla,0,Antarctica,0,Antigua & Barbuda,0,Argentina,17,Armenia,0,Aruba,0,Australia,52,Austria,16,Azerbaijan,0,Bahamas,0,Bahrain,0,Bangladesh,0,Barbados,0,Belarus,0,Belgium,14,Belize,0,Benin,0,Bermuda,0,Bhutan,0,Bolivia,0,Bosnia & Herzegovina,0,Botswana,0,Bouvet Island,0,Brazil,15,British Indian Ocean Territory,0,British Virgin Islands,0,Brunei,0,Bulgaria,0,Burkina Faso,0,Burundi,0,Cambodia,0,Cameroon,0,Canada,90,Cape Verde,0,Caribbean Netherlands,0,Cayman Islands,0,Central African Republic,0,Chad,0,Chile,51,China,0,Christmas Island,0,Cocos (Keeling) Islands,0,Colombia,23,Comoros,0,Congo - Brazzaville,0,Congo - Kinshasa,0,Cook Islands,0,Costa Rica,0,Croatia,35,Cuba,0,Curaçao,0,Cyprus,0,Czechia,27,Côte d’Ivoire,0,Denmark,47,Djibouti,0,Dominica,0,Dominican Republic,0,Ecuador,0,Egypt,0,El Salvador,0,Equatorial Guinea,0,Eritrea,0,Estonia,0,Ethiopia,0,Falkland Islands (Islas Malvinas),0,Faroe Islands,0,Fiji,0,Finland,34,France,4,French Guiana,0,French Polynesia,0,French Southern Territories,0,Gabon,0,Gambia,0,Georgia,0,Germany,30,Ghana,0,Gibraltar,0,Greece,0,Greenland,0,Grenada,0,Guadeloupe,0,Guam,0,Guatemala,0,Guernsey,0,Guinea,0,Guinea-Bissau,0,Guyana,0,Haiti,0,Heard & McDonald Islands,0,Honduras,0,Hong Kong,24,Hungary,0,Iceland,0,India,4,Indonesia,7,Iran,0,Iraq,0,Ireland,100,Isle of Man,0,Israel,24,Italy,9,Jamaica,0,Japan,1,Jersey,0,Jordan,0,Kazakhstan,0,Kenya,0,Kiribati,0,Kosovo,0,Kuwait,0,Kyrgyzstan,0,Laos,0,Latvia,0,Lebanon,0,Lesotho,0,Liberia,0,Libya,0,Liechtenstein,0,Lithuania,0,Luxembourg,0,Macau,0,Macedonia (FYROM),0,Madagascar,0,Malawi,0,Malaysia,27,Maldives,0,Mali,0,Malta,0,Marshall Islands,0,Martinique,0,Mauritania,0,Mauritius,0,Mayotte,0,Mexico,21,Micronesia,0,Moldova,0,Monaco,0,Mongolia,0,Montenegro,0,Montserrat,0,Morocco,0,Mozambique,0,Myanmar (Burma),0,Namibia,0,Nauru,0,Nepal,0,Netherlands,39,New Caledonia,0,New Zealand,41,Nicaragua,0,Niger,0,Nigeria,0,Niue,0,Norfolk Island,0,North Korea,0,Northern Mariana Islands,0,Norway,86,Oman,0,Pakistan,17,Palau,0,Palestine,0,Panama,0,Papua New Guinea,0,Paraguay,0,Peru,18,Philippines,30,Pitcairn Islands,0,Poland,3,Portugal,0,Puerto Rico,79,Qatar,0,Romania,0,Russia,0,Rwanda,0,Réunion,0,Samoa,0,San Marino,0,Saudi Arabia,0,Senegal,0,Serbia,40,Seychelles,0,Sierra Leone,0,Singapore,0,Sint Maarten,0,Slovakia,0,Slovenia,0,Solomon Islands,0,Somalia,0,South Africa,26,South Georgia & South Sandwich Islands,0,South Korea,19,South Sudan,0,Spain,11,Sri Lanka,0,St. Barthélemy,0,St. Helena,0,St. Kitts & Nevis,0,St. Lucia,0,St. Martin,0,St. Pierre & Miquelon,0,St. Vincent & Grenadines,0,Sudan,0,Suriname,0,Svalbard & Jan Mayen,0,Swaziland,0,Sweden,57,Switzerland,16,Syria,0,São Tomé & Príncipe,0,Taiwan,17,Tajikistan,0,Tanzania,0,Thailand,0,Timor-Leste,0,Togo,0,Tokelau,0,Tonga,0,Trinidad & Tobago,0,Tunisia,0,Turkey,0,Turkmenistan,0,Turks & Caicos Islands,0,Tuvalu,0,U.S. Outlying Islands,0,U.S. Virgin Islands,0,Uganda,0,Ukraine,0,United Arab Emirates,29,United Kingdom,51,United States,88,Uruguay,0,Uzbekistan,0,Vanuatu,0,Vatican City,0,Venezuela,9,Vietnam,0,Wallis & Futuna,0,Western Sahara,0,Yemen,0,Zambia,0,Zimbabwe,0,Åland Islands,0
The Unknown Known,Afghanistan,0,Albania,0,Algeria,0,American Samoa,0,Andorra,0,Angola,0,Anguilla,0,Antarctica,0,Antigua & Barbuda,0,Argentina,0,Armenia,0,Aruba,0,Australia,51,Austria,11,Azerbaijan,0,Bahamas,0,Bahrain,0,Bangladesh,0,Barbados,0,Belarus,0,Belgium,0,Belize,0,Benin,0,Bermuda,0,Bhutan,0,Bolivia,0,Bosnia & Herzegovina,0,Botswana,0,Bouvet Island,0,Brazil,0,British Indian Ocean Territory,0,British Virgin Islands,0,Brunei,0,Bulgaria,0,Burkina Faso,0,Burundi,0,Cambodia,0,Cameroon,0,Canada,57,Cape Verde,0,Caribbean Netherlands,0,Cayman Islands,0,Central African Republic,0,Chad,0,Chile,0,China,0,Christmas Island,0,Cocos (Keeling) Islands,0,Colombia,0,Comoros,0,Congo - Brazzaville,0,Congo - Kinshasa,0,Cook Islands,0,Costa Rica,0,Croatia,0,Cuba,0,Curaçao,0,Cyprus,0,Czechia,0,Côte d’Ivoire,0,Denmark,34,Djibouti,0,Dominica,0,Dominican Republic,0,Ecuador,0,Egypt,0,El Salvador,0,Equatorial Guinea,0,Eritrea,0,Estonia,0,Ethiopia,0,Falkland Islands (Islas Malvinas),0,Faroe Islands,0,Fiji,0,Finland,0,France,4,French Guiana,0,French Polynesia,0,French Southern Territories,0,Gabon,0,Gambia,0,Georgia,0,Germany,17,Ghana,0,Gibraltar,0,Greece,0,Greenland,0,Grenada,0,Guadeloupe,0,Guam,0,Guatemala,0,Guernsey,0,Guinea,0,Guinea-Bissau,0,Guyana,0,Haiti,0,Heard & McDonald Islands,0,Honduras,0,Hong Kong,0,Hungary,0,Iceland,0,India,35,Indonesia,0,Iran,0,Iraq,0,Ireland,60,Isle of Man,0,Israel,0,Italy,13,Jamaica,0,Japan,0,Jersey,0,Jordan,0,Kazakhstan,0,Kenya,0,Kiribati,0,Kosovo,0,Kuwait,0,Kyrgyzstan,0,Laos,0,Latvia,0,Lebanon,0,Lesotho,0,Liberia,0,Libya,0,Liechtenstein,0,Lithuania,0,Luxembourg,0,Macau,0,Macedonia (FYROM),0,Madagascar,0,Malawi,0,Malaysia,0,Maldives,0,Mali,0,Malta,0,Marshall Islands,0,Martinique,0,Mauritania,0,Mauritius,0,Mayotte,0,Mexico,0,Micronesia,0,Moldova,0,Monaco,0,Mongolia,0,Montenegro,0,Montserrat,0,Morocco,0,Mozambique,0,Myanmar (Burma),0,Namibia,0,Nauru,0,Nepal,0,Netherlands,19,New Caledonia,0,New Zealand,0,Nicaragua,0,Niger,0,Nigeria,0,Niue,0,Norfolk Island,0,North Korea,0,Northern Mariana Islands,0,Norway,0,Oman,0,Pakistan,0,Palau,0,Palestine,0,Panama,0,Papua New Guinea,0,Paraguay,0,Peru,0,Philippines,0,Pitcairn Islands,0,Poland,0,Portugal,0,Puerto Rico,0,Qatar,0,Romania,0,Russia,0,Rwanda,0,Réunion,0,Samoa,0,San Marino,0,Saudi Arabia,0,Senegal,0,Serbia,0,Seychelles,0,Sierra Leone,0,Singapore,0,Sint Maarten,0,Slovakia,0,Slovenia,0,Solomon Islands,0,Somalia,0,South Africa,0,South Georgia & South Sandwich Islands,0,South Korea,21,South Sudan,0,Spain,6,Sri Lanka,0,St. Barthélemy,0,St. Helena,0,St. Kitts & Nevis,0,St. Lucia,0,St. Martin,0,St. Pierre & Miquelon,0,St. Vincent & Grenadines,0,Sudan,0,Suriname,0,Svalbard & Jan Mayen,0,Swaziland,0,Sweden,34,Switzerland,26,Syria,0,São Tomé & Príncipe,0,Taiwan,0,Tajikistan,0,Tanzania,0,Thailand,0,Timor-Leste,0,Togo,0,Tokelau,0,Tonga,0,Trinidad & Tobago,0,Tunisia,0,Turkey,0,Turkmenistan,0,Turks & Caicos Islands,0,Tuvalu,0,U.S. Outlying Islands,0,U.S. Virgin Islands,0,Uganda,0,Ukraine,0,United Arab Emirates,0,United Kingdom,32,United States,100,Uruguay,0,Uzbekistan,0,Vanuatu,0,Vatican City,0,Venezuela,0,Vietnam,0,Wallis & Futuna,0,Western Sahara,0,Yemen,0,Zambia,0,Zimbabwe,0,Åland Islands,0
The Unspeakable Act,Afghanistan,0,Albania,0,Algeria,0,American Samoa,0,Andorra,0,Angola,0,Anguilla,0,Antarctica,0,Antigua & Barbuda,0,Argentina,0,Armenia,0,Aruba,0,Australia,79,Austria,0,Azerbaijan,0,Bahamas,0,Bahrain,0,Bangladesh,0,Barbados,0,Belarus,0,Belgium,0,Belize,0,Benin,0,Bermuda,0,Bhutan,0,Bolivia,0,Bosnia & Herzegovina,0,Botswana,0,Bouvet Island,0,Brazil,0,British Indian Ocean Territory,0,British Virgin Islands,0,Brunei,0,Bulgaria,0,Burkina Faso,0,Burundi,0,Cambodia,0,Cameroon,0,Canada,42,Cape Verde,0,Caribbean Netherlands,0,Cayman Islands,0,Central African Republic,0,Chad,0,Chile,0,China,0,Christmas Island,0,Cocos (Keeling) Islands,0,Colombia,0,Comoros,0,Congo - Brazzaville,0,Congo - Kinshasa,0,Cook Islands,0,Costa Rica,0,Croatia,0,Cuba,0,Curaçao,0,Cyprus,0,Czechia,0,Côte d’Ivoire,0,Denmark,0,Djibouti,0,Dominica,0,Dominican Republic,0,Ecuador,0,Egypt,0,El Salvador,0,Equatorial Guinea,0,Eritrea,0,Estonia,0,Ethiopia,0,Falkland Islands (Islas Malvinas),0,Faroe Islands,0,Fiji,0,Finland,0,France,7,French Guiana,0,French Polynesia,0,French Southern Territories,0,Gabon,0,Gambia,0,Georgia,0,Germany,5,Ghana,0,Gibraltar,0,Greece,0,Greenland,0,Grenada,0,Guadeloupe,0,Guam,0,Guatemala,0,Guernsey,0,Guinea,0,Guinea-Bissau,0,Guyana,0,Haiti,0,Heard & McDonald Islands,0,Honduras,0,Hong Kong,0,Hungary,0,Iceland,0,India,27,Indonesia,0,Iran,42,Iraq,0,Ireland,0,Isle of Man,0,Israel,0,Italy,0,Jamaica,0,Japan,0,Jersey,0,Jordan,0,Kazakhstan,0,Kenya,0,Kiribati,0,Kosovo,0,Kuwait,0,Kyrgyzstan,0,Laos,0,Latvia,0,Lebanon,0,Lesotho,0,Liberia,0,Libya,0,Liechtenstein,0,Lithuania,0,Luxembourg,0,Macau,0,Macedonia (FYROM),0,Madagascar,0,Malawi,0,Malaysia,0,Maldives,0,Mali,0,Malta,0,Marshall Islands,0,Martinique,0,Mauritania,0,Mauritius,0,Mayotte,0,Mexico,0,Micronesia,0,Moldova,0,Monaco,0,Mongolia,0,Montenegro,0,Montserrat,0,Morocco,0,Mozambique,0,Myanmar (Burma),0,Namibia,0,Nauru,0,Nepal,0,Netherlands,0,New Caledonia,0,New Zealand,0,Nicaragua,0,Niger,0,Nigeria,0,Niue,0,Norfolk Island,0,North Korea,0,Northern Mariana Islands,0,Norway,0,Oman,0,Pakistan,100,Palau,0,Palestine,0,Panama,0,Papua New Guinea,0,Paraguay,0,Peru,0,Philippines,17,Pitcairn Islands,0,Poland,0,Portugal,0,Puerto Rico,0,Qatar,0,Romania,0,Russia,0,Rwanda,0,Réunion,0,Samoa,0,San Marino,0,Saudi Arabia,0,Senegal,0,Serbia,0,Seychelles,0,Sierra Leone,0,Singapore,33,Sint Maarten,0,Slovakia,0,Slovenia,0,Solomon Islands,0,Somalia,0,South Africa,0,South Georgia & South Sandwich Islands,0,South Korea,0,South Sudan,0,Spain,16,Sri Lanka,0,St. Barthélemy,0,St. Helena,0,St. Kitts & Nevis,0,St. Lucia,0,St. Martin,0,St. Pierre & Miquelon,0,St. Vincent & Grenadines,0,Sudan,0,Suriname,0,Svalbard & Jan Mayen,0,Swaziland,0,Sweden,0,Switzerland,0,Syria,0,São Tomé & Príncipe,0,Taiwan,0,Tajikistan,0,Tanzania,0,Thailand,0,Timor-Leste,0,Togo,0,Tokelau,0,Tonga,0,Trinidad & Tobago,0,Tunisia,0,Turkey,0,Turkmenistan,0,Turks & Caicos Islands,0,Tuvalu,0,U.S. Outlying Islands,0,U.S. Virgin Islands,0,Uganda,0,Ukraine,0,United Arab Emirates,0,United Kingdom,35,United States,30,Uruguay,0,Uzbekistan,0,Vanuatu,0,Vatican City,0,Venezuela,0,Vietnam,0,Wallis & Futuna,0,Western Sahara,0,Yemen,0,Zambia,0,Zimbabwe,0,Åland Islands,0
Unsupersize Me,Afghanistan,0,Albania,0,Algeria,0,American Samoa,0,Andorra,0,Angola,0,Anguilla,0,Antarctica,0,Antigua & Barbuda,0,Argentina,0,Armenia,0,Aruba,0,Australia,45,Austria,0,Azerbaijan,0,Bahamas,0,Bahrain,0,Bangladesh,0,Barbados,0,Belarus,0,Belgium,0,Belize,0,Benin,0,Bermuda,0,Bhutan,0,Bolivia,0,Bosnia & Herzegovina,0,Botswana,0,Bouvet Island,0,Brazil,0,British Indian Ocean Territory,0,British Virgin Islands,0,Brunei,0,Bulgaria,0,Burkina Faso,0,Burundi,0,Cambodia,0,Cameroon,0,Canada,29,Cape Verde,0,Caribbean Netherlands,0,Cayman Islands,0,Central African Republic,0,Chad,0,Chile,0,China,0,Christmas Island,0,Cocos (Keeling) Islands,0,Colombia,0,Comoros,0,Congo - Brazzaville,0,Congo - Kinshasa,0,Cook Islands,0,Costa Rica,0,Croatia,0,Cuba,0,Curaçao,0,Cyprus,0,Czechia,0,Côte d’Ivoire,0,Denmark,0,Djibouti,0,Dominica,0,Dominican Republic,0,Ecuador,0,Egypt,0,El Salvador,0,Equatorial Guinea,0,Eritrea,0,Estonia,0,Ethiopia,0,Falkland Islands (Islas Malvinas),0,Faroe Islands,0,Fiji,0,Finland,0,France,0,French Guiana,0,French Polynesia,0,French Southern Territories,0,Gabon,0,Gambia,0,Georgia,0,Germany,0,Ghana,0,Gibraltar,0,Greece,0,Greenland,0,Grenada,0,Guadeloupe,0,Guam,0,Guatemala,0,Guernsey,0,Guinea,0,Guinea-Bissau,0,Guyana,0,Haiti,0,Heard & McDonald Islands,0,Honduras,0,Hong Kong,0,Hungary,0,Iceland,0,India,0,Indonesia,0,Iran,0,Iraq,0,Ireland,0,Isle of Man,0,Israel,0,Italy,0,Jamaica,0,Japan,0,Jersey,0,Jordan,0,Kazakhstan,0,Kenya,0,Kiribati,0,Kosovo,0,Kuwait,0,Kyrgyzstan,0,Laos,0,Latvia,0,Lebanon,0,Lesotho,0,Liberia,0,Libya,0,Liechtenstein,0,Lithuania,0,Luxembourg,0,Macau,0,Macedonia (FYROM),0,Madagascar,0,Malawi,0,Malaysia,0,Maldives,0,Mali,0,Malta,0,Marshall Islands,0,Martinique,0,Mauritania,0,Mauritius,0,Mayotte,0,Mexico,0,Micronesia,0,Moldova,0,Monaco,0,Mongolia,0,Montenegro,0,Montserrat,0,Morocco,0,Mozambique,0,Myanmar (Burma),0,Namibia,0,Nauru,0,Nepal,0,Netherlands,0,New Caledonia,0,New Zealand,0,Nicaragua,0,Niger,0,Nigeria,0,Niue,0,Norfolk Island,0,North Korea,0,Northern Mariana Islands,0,Norway,0,Oman,0,Pakistan,0,Palau,0,Palestine,0,Panama,0,Papua New Guinea,0,Paraguay,0,Peru,0,Philippines,0,Pitcairn Islands,0,Poland,0,Portugal,0,Puerto Rico,0,Qatar,0,Romania,0,Russia,0,Rwanda,0,Réunion,0,Samoa,0,San Marino,0,Saudi Arabia,0,Senegal,0,Serbia,0,Seychelles,0,Sierra Leone,0,Singapore,0,Sint Maarten,0,Slovakia,0,Slovenia,0,Solomon Islands,0,Somalia,0,South Africa,0,South Georgia & South Sandwich Islands,0,South Korea,0,South Sudan,0,Spain,0,Sri Lanka,0,St. Barthélemy,0,St. Helena,0,St. Kitts & Nevis,0,St. Lucia,0,St. Martin,0,St. Pierre & Miquelon,0,St. Vincent & Grenadines,0,Sudan,0,Suriname,0,Svalbard & Jan Mayen,0,Swaziland,0,Sweden,0,Switzerland,0,Syria,0,São Tomé & Príncipe,0,Taiwan,0,Tajikistan,0,Tanzania,0,Thailand,0,Timor-Leste,0,Togo,0,Tokelau,0,Tonga,0,Trinidad & Tobago,0,Tunisia,0,Turkey,0,Turkmenistan,0,Turks & Caicos Islands,0,Tuvalu,0,U.S. Outlying Islands,0,U.S. Virgin Islands,0,Uganda,0,Ukraine,0,United Arab Emirates,0,United Kingdom,16,United States,100,Uruguay,0,Uzbekistan,0,Vanuatu,0,Vatican City,0,Venezuela,0,Vietnam,0,Wallis & Futuna,0,Western Sahara,0,Yemen,0,Zambia,0,Zimbabwe,0,Åland Islands,0
The Upper Footage,Afghanistan,0,Albania,0,Algeria,0,American Samoa,0,Andorra,0,Angola,0,Anguilla,0,Antarctica,0,Antigua & Barbuda,0,Argentina,0,Armenia,0,Aruba,0,Australia,0,Austria,0,Azerbaijan,0,Bahamas,0,Bahrain,0,Bangladesh,0,Barbados,0,Belarus,0,Belgium,0,Belize,0,Benin,0,Bermuda,0,Bhutan,0,Bolivia,0,Bosnia & Herzegovina,0,Botswana,0,Bouvet Island,0,Brazil,0,British Indian Ocean Territory,0,British Virgin Islands,0,Brunei,0,Bulgaria,0,Burkina Faso,0,Burundi,0,Cambodia,0,Cameroon,0,Canada,0,Cape Verde,0,Caribbean Netherlands,0,Cayman Islands,0,Central African Republic,0,Chad,0,Chile,0,China,0,Christmas Island,0,Cocos (Keeling) Islands,0,Colombia,0,Comoros,0,Congo - Brazzaville,0,Congo - Kinshasa,0,Cook Islands,0,Costa Rica,0,Croatia,0,Cuba,0,Curaçao,0,Cyprus,0,Czechia,0,Côte d’Ivoire,0,Denmark,0,Djibouti,0,Dominica,0,Dominican Republic,0,Ecuador,0,Egypt,0,El Salvador,0,Equatorial Guinea,0,Eritrea,0,Estonia,0,Ethiopia,0,Falkland Islands (Islas Malvinas),0,Faroe Islands,0,Fiji,0,Finland,0,France,0,French Guiana,0,French Polynesia,0,French Southern Territories,0,Gabon,0,Gambia,0,Georgia,0,Germany,0,Ghana,0,Gibraltar,0,Greece,0,Greenland,0,Grenada,0,Guadeloupe,0,Guam,0,Guatemala,0,Guernsey,0,Guinea,0,Guinea-Bissau,0,Guyana,0,Haiti,0,Heard & McDonald Islands,0,Honduras,0,Hong Kong,0,Hungary,0,Iceland,0,India,0,Indonesia,0,Iran,0,Iraq,0,Ireland,0,Isle of Man,0,Israel,0,Italy,0,Jamaica,0,Japan,0,Jersey,0,Jordan,0,Kazakhstan,0,Kenya,0,Kiribati,0,Kosovo,0,Kuwait,0,Kyrgyzstan,0,Laos,0,Latvia,0,Lebanon,0,Lesotho,0,Liberia,0,Libya,0,Liechtenstein,0,Lithuania,0,Luxembourg,0,Macau,0,Macedonia (FYROM),0,Madagascar,0,Malawi,0,Malaysia,0,Maldives,0,Mali,0,Malta,0,Marshall Islands,0,Martinique,0,Mauritania,0,Mauritius,0,Mayotte,0,Mexico,0,Micronesia,0,Moldova,0,Monaco,0,Mongolia,0,Montenegro,0,Montserrat,0,Morocco,0,Mozambique,0,Myanmar (Burma),0,Namibia,0,Nauru,0,Nepal,0,Netherlands,0,New Caledonia,0,New Zealand,0,Nicaragua,0,Niger,0,Nigeria,0,Niue,0,Norfolk Island,0,North Korea,0,Northern Mariana Islands,0,Norway,0,Oman,0,Pakistan,0,Palau,0,Palestine,0,Panama,0,Papua New Guinea,0,Paraguay,0,Peru,0,Philippines,0,Pitcairn Islands,0,Poland,0,Portugal,0,Puerto Rico,0,Qatar,0,Romania,0,Russia,0,Rwanda,0,Réunion,0,Samoa,0,San Marino,0,Saudi Arabia,0,Senegal,0,Serbia,0,Seychelles,0,Sierra Leone,0,Singapore,0,Sint Maarten,0,Slovakia,0,Slovenia,0,Solomon Islands,0,Somalia,0,South Africa,0,South Georgia & South Sandwich Islands,0,South Korea,0,South Sudan,0,Spain,0,Sri Lanka,0,St. Barthélemy,0,St. Helena,0,St. Kitts & Nevis,0,St. Lucia,0,St. Martin,0,St. Pierre & Miquelon,0,St. Vincent & Grenadines,0,Sudan,0,Suriname,0,Svalbard & Jan Mayen,0,Swaziland,0,Sweden,0,Switzerland,0,Syria,0,São Tomé & Príncipe,0,Taiwan,0,Tajikistan,0,Tanzania,0,Thailand,0,Timor-Leste,0,Togo,0,Tokelau,0,Tonga,0,Trinidad & Tobago,0,Tunisia,0,Turkey,0,Turkmenistan,0,Turks & Caicos Islands,0,Tuvalu,0,U.S. Outlying Islands,0,U.S. Virgin Islands,0,Uganda,0,Ukraine,0,United Arab Emirates,0,United Kingdom,56,United States,100,Uruguay,0,Uzbekistan,0,Vanuatu,0,Vatican City,0,Venezuela,0,Vietnam,0,Wallis & Futuna,0,Western Sahara,0,Yemen,0,Zambia,0,Zimbabwe,0,Åland Islands,0
Upstream Color,Afghanistan,0,Albania,0,Algeria,0,American Samoa,0,Andorra,0,Angola,0,Anguilla,0,Antarctica,0,Antigua & Barbuda,0,Argentina,33,Armenia,0,Aruba,0,Australia,56,Austria,21,Azerbaijan,0,Bahamas,0,Bahrain,0,Bangladesh,33,Barbados,0,Belarus,0,Belgium,22,Belize,0,Benin,0,Bermuda,0,Bhutan,0,Bolivia,0,Bosnia & Herzegovina,55,Botswana,0,Bouvet Island,0,Brazil,12,British Indian Ocean Territory,0,British Virgin Islands,0,Brunei,0,Bulgaria,19,Burkina Faso,0,Burundi,0,Cambodia,0,Cameroon,0,Canada,66,Cape Verde,0,Caribbean Netherlands,0,Cayman Islands,0,Central African Republic,0,Chad,0,Chile,35,China,0,Christmas Island,0,Cocos (Keeling) Islands,0,Colombia,21,Comoros,0,Congo - Brazzaville,0,Congo - Kinshasa,0,Cook Islands,0,Costa Rica,0,Croatia,51,Cuba,0,Curaçao,0,Cyprus,0,Czechia,21,Côte d’Ivoire,0,Denmark,21,Djibouti,0,Dominica,0,Dominican Republic,0,Ecuador,0,Egypt,25,El Salvador,0,Equatorial Guinea,0,Eritrea,0,Estonia,0,Ethiopia,0,Falkland Islands (Islas Malvinas),0,Faroe Islands,0,Fiji,0,Finland,25,France,13,French Guiana,0,French Polynesia,0,French Southern Territories,0,Gabon,0,Gambia,0,Georgia,0,Germany,15,Ghana,0,Gibraltar,0,Greece,63,Greenland,0,Grenada,0,Guadeloupe,0,Guam,0,Guatemala,0,Guernsey,0,Guinea,0,Guinea-Bissau,0,Guyana,0,Haiti,0,Heard & McDonald Islands,0,Honduras,0,Hong Kong,26,Hungary,19,Iceland,0,India,34,Indonesia,8,Iran,30,Iraq,0,Ireland,59,Isle of Man,0,Israel,46,Italy,14,Jamaica,0,Japan,3,Jersey,0,Jordan,0,Kazakhstan,0,Kenya,0,Kiribati,0,Kosovo,0,Kuwait,0,Kyrgyzstan,0,Laos,0,Latvia,0,Lebanon,0,Lesotho,0,Liberia,0,Libya,0,Liechtenstein,0,Lithuania,34,Luxembourg,0,Macau,0,Macedonia (FYROM),100,Madagascar,0,Malawi,0,Malaysia,24,Maldives,0,Mali,0,Malta,0,Marshall Islands,0,Martinique,0,Mauritania,0,Mauritius,0,Mayotte,0,Mexico,34,Micronesia,0,Moldova,0,Monaco,0,Mongolia,0,Montenegro,0,Montserrat,0,Morocco,0,Mozambique,0,Myanmar (Burma),0,Namibia,0,Nauru,0,Nepal,0,Netherlands,26,New Caledonia,0,New Zealand,72,Nicaragua,0,Niger,0,Nigeria,0,Niue,0,Norfolk Island,0,North Korea,0,Northern Mariana Islands,0,Norway,30,Oman,0,Pakistan,30,Palau,0,Palestine,0,Panama,0,Papua New Guinea,0,Paraguay,0,Peru,0,Philippines,40,Pitcairn Islands,0,Poland,46,Portugal,34,Puerto Rico,0,Qatar,0,Romania,44,Russia,10,Rwanda,0,Réunion,0,Samoa,0,San Marino,0,Saudi Arabia,19,Senegal,0,Serbia,42,Seychelles,0,Sierra Leone,0,Singapore,30,Sint Maarten,0,Slovakia,0,Slovenia,28,Solomon Islands,0,Somalia,0,South Africa,31,South Georgia & South Sandwich Islands,0,South Korea,12,South Sudan,0,Spain,32,Sri Lanka,0,St. Barthélemy,0,St. Helena,0,St. Kitts & Nevis,0,St. Lucia,0,St. Martin,0,St. Pierre & Miquelon,0,St. Vincent & Grenadines,0,Sudan,0,Suriname,0,Svalbard & Jan Mayen,0,Swaziland,0,Sweden,26,Switzerland,18,Syria,0,São Tomé & Príncipe,0,Taiwan,14,Tajikistan,0,Tanzania,0,Thailand,4,Timor-Leste,0,Togo,0,Tokelau,0,Tonga,0,Trinidad & Tobago,0,Tunisia,0,Turkey,14,Turkmenistan,0,Turks & Caicos Islands,0,Tuvalu,0,U.S. Outlying Islands,0,U.S. Virgin Islands,0,Uganda,0,Ukraine,10,United Arab Emirates,20,United Kingdom,40,United States,70,Uruguay,0,Uzbekistan,0,Vanuatu,0,Vatican City,0,Venezuela,15,Vietnam,4,Wallis & Futuna,0,Western Sahara,0,Yemen,0,Zambia,0,Zimbabwe,0,Åland Islands,0
V/H/S/2,Afghanistan,0,Albania,0,Algeria,0,American Samoa,0,Andorra,0,Angola,0,Anguilla,0,Antarctica,0,Antigua & Barbuda,0,Argentina,21,Armenia,0,Aruba,0,Australia,34,Austria,0,Azerbaijan,0,Bahamas,0,Bahrain,0,Bangladesh,0,Barbados,0,Belarus,0,Belgium,0,Belize,0,Benin,0,Bermuda,0,Bhutan,0,Bolivia,0,Bosnia & Herzegovina,0,Botswana,0,Bouvet Island,0,Brazil,22,British Indian Ocean Territory,0,British Virgin Islands,0,Brunei,0,Bulgaria,0,Burkina Faso,0,Burundi,0,Cambodia,0,Cameroon,0,Canada,30,Cape Verde,0,Caribbean Netherlands,0,Cayman Islands,0,Central African Republic,0,Chad,0,Chile,30,China,0,Christmas Island,0,Cocos (Keeling) Islands,0,Colombia,0,Comoros,0,Congo - Brazzaville,0,Congo - Kinshasa,0,Cook Islands,0,Costa Rica,0,Croatia,76,Cuba,0,Curaçao,0,Cyprus,0,Czechia,64,Côte d’Ivoire,0,Denmark,0,Djibouti,0,Dominica,0,Dominican Republic,0,Ecuador,0,Egypt,52,El Salvador,0,Equatorial Guinea,0,Eritrea,0,Estonia,0,Ethiopia,0,Falkland Islands (Islas Malvinas),0,Faroe Islands,0,Fiji,0,Finland,31,France,20,French Guiana,0,French Polynesia,0,French Southern Territories,0,Gabon,0,Gambia,0,Georgia,0,Germany,16,Ghana,0,Gibraltar,0,Greece,60,Greenland,0,Grenada,0,Guadeloupe,0,Guam,0,Guatemala,0,Guernsey,0,Guinea,0,Guinea-Bissau,0,Guyana,0,Haiti,0,Heard & McDonald Islands,0,Honduras,0,Hong Kong,0,Hungary,47,Iceland,0,India,41,Indonesia,94,Iran,42,Iraq,0,Ireland,0,Isle of Man,0,Israel,38,Italy,11,Jamaica,0,Japan,6,Jersey,0,Jordan,0,Kazakhstan,0,Kenya,0,Kiribati,0,Kosovo,0,Kuwait,0,Kyrgyzstan,0,Laos,0,Latvia,0,Lebanon,0,Lesotho,0,Liberia,0,Libya,0,Liechtenstein,0,Lithuania,0,Luxembourg,0,Macau,0,Macedonia (FYROM),0,Madagascar,0,Malawi,0,Malaysia,60,Maldives,0,Mali,0,Malta,0,Marshall Islands,0,Martinique,0,Mauritania,0,Mauritius,0,Mayotte,0,Mexico,21,Micronesia,0,Moldova,0,Monaco,0,Mongolia,0,Montenegro,0,Montserrat,0,Morocco,0,Mozambique,0,Myanmar (Burma),0,Namibia,0,Nauru,0,Nepal,0,Netherlands,36,New Caledonia,0,New Zealand,0,Nicaragua,0,Niger,0,Nigeria,0,Niue,0,Norfolk Island,0,North Korea,0,Northern Mariana Islands,0,Norway,0,Oman,0,Pakistan,39,Palau,0,Palestine,0,Panama,0,Papua New Guinea,0,Paraguay,0,Peru,0,Philippines,100,Pitcairn Islands,0,Poland,58,Portugal,32,Puerto Rico,0,Qatar,0,Romania,25,Russia,20,Rwanda,0,Réunion,0,Samoa,0,San Marino,0,Saudi Arabia,16,Senegal,0,Serbia,69,Seychelles,0,Sierra Leone,0,Singapore,51,Sint Maarten,0,Slovakia,0,Slovenia,0,Solomon Islands,0,Somalia,0,South Africa,0,South Georgia & South Sandwich Islands,0,South Korea,16,South Sudan,0,Spain,18,Sri Lanka,0,St. Barthélemy,0,St. Helena,0,St. Kitts & Nevis,0,St. Lucia,0,St. Martin,0,St. Pierre & Miquelon,0,St. Vincent & Grenadines,0,Sudan,0,Suriname,0,Svalbard & Jan Mayen,0,Swaziland,0,Sweden,34,Switzerland,0,Syria,0,São Tomé & Príncipe,0,Taiwan,11,Tajikistan,0,Tanzania,0,Thailand,46,Timor-Leste,0,Togo,0,Tokelau,0,Tonga,0,Trinidad & Tobago,0,Tunisia,0,Turkey,48,Turkmenistan,0,Turks & Caicos Islands,0,Tuvalu,0,U.S. Outlying Islands,0,U.S. Virgin Islands,0,Uganda,0,Ukraine,11,United Arab Emirates,0,United Kingdom,46,United States,34,Uruguay,0,Uzbekistan,0,Vanuatu,0,Vatican City,0,Venezuela,0,Vietnam,25,Wallis & Futuna,0,Western Sahara,0,Yemen,0,Zambia,0,Zimbabwe,0,Åland Islands,0
Vehicle 19,Afghanistan,0,Albania,0,Algeria,21,American Samoa,0,Andorra,0,Angola,0,Anguilla,0,Antarctica,0,Antigua & Barbuda,0,Argentina,17,Armenia,0,Aruba,0,Australia,39,Austria,22,Azerbaijan,0,Bahamas,0,Bahrain,0,Bangladesh,32,Barbados,0,Belarus,0,Belgium,23,Belize,0,Benin,0,Bermuda,0,Bhutan,0,Bolivia,0,Bosnia & Herzegovina,41,Botswana,0,Bouvet Island,0,Brazil,4,British Indian Ocean Territory,0,British Virgin Islands,0,Brunei,0,Bulgaria,23,Burkina Faso,0,Burundi,0,Cambodia,0,Cameroon,0,Canada,29,Cape Verde,0,Caribbean Netherlands,0,Cayman Islands,0,Central African Republic,0,Chad,0,Chile,13,China,0,Christmas Island,0,Cocos (Keeling) Islands,0,Colombia,8,Comoros,0,Congo - Brazzaville,0,Congo - Kinshasa,0,Cook Islands,0,Costa Rica,0,Croatia,31,Cuba,0,Curaçao,0,Cyprus,0,Czechia,17,Côte d’Ivoire,0,Denmark,17,Djibouti,0,Dominica,0,Dominican Republic,30,Ecuador,13,Egypt,14,El Salvador,0,Equatorial Guinea,0,Eritrea,0,Estonia,0,Ethiopia,0,Falkland Islands (Islas Malvinas),0,Faroe Islands,0,Fiji,0,Finland,13,France,14,French Guiana,0,French Polynesia,0,French Southern Territories,0,Gabon,0,Gambia,0,Georgia,0,Germany,28,Ghana,0,Gibraltar,0,Greece,32,Greenland,0,Grenada,0,Guadeloupe,0,Guam,0,Guatemala,0,Guernsey,0,Guinea,0,Guinea-Bissau,0,Guyana,0,Haiti,0,Heard & McDonald Islands,0,Honduras,0,Hong Kong,17,Hungary,25,Iceland,0,India,37,Indonesia,16,Iran,10,Iraq,0,Ireland,31,Isle of Man,0,Israel,21,Italy,23,Jamaica,82,Japan,2,Jersey,0,Jordan,22,Kazakhstan,0,Kenya,28,Kiribati,0,Kosovo,0,Kuwait,48,Kyrgyzstan,0,Laos,0,Latvia,0,Lebanon,36,Lesotho,0,Liberia,0,Libya,0,Liechtenstein,0,Lithuania,16,Luxembourg,0,Macau,0,Macedonia (FYROM),64,Madagascar,0,Malawi,0,Malaysia,63,Maldives,0,Mali,0,Malta,0,Marshall Islands,0,Martinique,0,Mauritania,0,Mauritius,0,Mayotte,0,Mexico,10,Micronesia,0,Moldova,48,Monaco,0,Mongolia,0,Montenegro,0,Montserrat,0,Morocco,19,Mozambique,0,Myanmar (Burma),0,Namibia,0,Nauru,0,Nepal,0,Netherlands,18,New Caledonia,0,New Zealand,37,Nicaragua,0,Niger,0,Nigeria,15,Niue,0,Norfolk Island,0,North Korea,0,Northern Mariana Islands,0,Norway,26,Oman,56,Pakistan,63,Palau,0,Palestine,0,Panama,0,Papua New Guinea,0,Paraguay,0,Peru,4,Philippines,40,Pitcairn Islands,0,Poland,18,Portugal,22,Puerto Rico,45,Qatar,52,Romania,100,Russia,1,Rwanda,0,Réunion,0,Samoa,0,San Marino,0,Saudi Arabia,32,Senegal,0,Serbia,28,Seychelles,0,Sierra Leone,0,Singapore,36,Sint Maarten,0,Slovakia,20,Slovenia,21,Solomon Islands,0,Somalia,0,South Africa,85,South Georgia & South Sandwich Islands,0,South Korea,11,South Sudan,0,Spain,7,Sri Lanka,91,St. Barthélemy,0,St. Helena,0,St. Kitts & Nevis,0,St. Lucia,0,St. Martin,0,St. Pierre & Miquelon,0,St. Vincent & Grenadines,0,Sudan,0,Suriname,0,Svalbard & Jan Mayen,0,Swaziland,0,Sweden,12,Switzerland,23,Syria,0,São Tomé & Príncipe,0,Taiwan,17,Tajikistan,0,Tanzania,0,Thailand,39,Timor-Leste,0,Togo,0,Tokelau,0,Tonga,0,Trinidad & Tobago,0,Tunisia,24,Turkey,22,Turkmenistan,0,Turks & Caicos Islands,0,Tuvalu,0,U.S. Outlying Islands,0,U.S. Virgin Islands,0,Uganda,0,Ukraine,4,United Arab Emirates,66,United Kingdom,32,United States,24,Uruguay,27,Uzbekistan,0,Vanuatu,0,Vatican City,0,Venezuela,8,Vietnam,7,Wallis & Futuna,0,Western Sahara,0,Yemen,0,Zambia,0,Zimbabwe,0,Åland Islands,0
Violet & Daisy,Afghanistan,0,Albania,0,Algeria,16,American Samoa,0,Andorra,0,Angola,0,Anguilla,0,Antarctica,0,Antigua & Barbuda,0,Argentina,0,Armenia,0,Aruba,0,Australia,22,Austria,26,Azerbaijan,0,Bahamas,0,Bahrain,0,Bangladesh,0,Barbados,0,Belarus,0,Belgium,30,Belize,0,Benin,0,Bermuda,0,Bhutan,0,Bolivia,0,Bosnia & Herzegovina,0,Botswana,0,Bouvet Island,0,Brazil,18,British Indian Ocean Territory,0,British Virgin Islands,0,Brunei,0,Bulgaria,0,Burkina Faso,0,Burundi,0,Cambodia,0,Cameroon,0,Canada,30,Cape Verde,0,Caribbean Netherlands,0,Cayman Islands,0,Central African Republic,0,Chad,0,Chile,28,China,0,Christmas Island,0,Cocos (Keeling) Islands,0,Colombia,0,Comoros,0,Congo - Brazzaville,0,Congo - Kinshasa,0,Cook Islands,0,Costa Rica,0,Croatia,0,Cuba,0,Curaçao,0,Cyprus,0,Czechia,77,Côte d’Ivoire,0,Denmark,0,Djibouti,0,Dominica,0,Dominican Republic,0,Ecuador,0,Egypt,14,El Salvador,0,Equatorial Guinea,0,Eritrea,0,Estonia,0,Ethiopia,0,Falkland Islands (Islas Malvinas),0,Faroe Islands,0,Fiji,0,Finland,0,France,27,French Guiana,0,French Polynesia,0,French Southern Territories,0,Gabon,0,Gambia,0,Georgia,0,Germany,24,Ghana,0,Gibraltar,0,Greece,13,Greenland,0,Grenada,0,Guadeloupe,0,Guam,0,Guatemala,0,Guernsey,0,Guinea,0,Guinea-Bissau,0,Guyana,0,Haiti,0,Heard & McDonald Islands,0,Honduras,0,Hong Kong,0,Hungary,67,Iceland,0,India,6,Indonesia,18,Iran,0,Iraq,0,Ireland,0,Isle of Man,0,Israel,49,Italy,19,Jamaica,0,Japan,0,Jersey,0,Jordan,0,Kazakhstan,0,Kenya,0,Kiribati,0,Kosovo,0,Kuwait,0,Kyrgyzstan,0,Laos,0,Latvia,0,Lebanon,0,Lesotho,0,Liberia,0,Libya,0,Liechtenstein,0,Lithuania,100,Luxembourg,0,Macau,0,Macedonia (FYROM),0,Madagascar,0,Malawi,0,Malaysia,19,Maldives,0,Mali,0,Malta,0,Marshall Islands,0,Martinique,0,Mauritania,0,Mauritius,0,Mayotte,0,Mexico,0,Micronesia,0,Moldova,0,Monaco,0,Mongolia,0,Montenegro,0,Montserrat,0,Morocco,19,Mozambique,0,Myanmar (Burma),0,Namibia,0,Nauru,0,Nepal,0,Netherlands,16,New Caledonia,0,New Zealand,0,Nicaragua,0,Niger,0,Nigeria,0,Niue,0,Norfolk Island,0,North Korea,0,Northern Mariana Islands,0,Norway,0,Oman,0,Pakistan,21,Palau,0,Palestine,0,Panama,0,Papua New Guinea,0,Paraguay,0,Peru,0,Philippines,34,Pitcairn Islands,0,Poland,25,Portugal,45,Puerto Rico,0,Qatar,0,Romania,0,Russia,12,Rwanda,0,Réunion,0,Samoa,0,San Marino,0,Saudi Arabia,36,Senegal,0,Serbia,18,Seychelles,0,Sierra Leone,0,Singapore,34,Sint Maarten,0,Slovakia,0,Slovenia,0,Solomon Islands,0,Somalia,0,South Africa,0,South Georgia & South Sandwich Islands,0,South Korea,0,South Sudan,0,Spain,0,Sri Lanka,0,St. Barthélemy,0,St. Helena,0,St. Kitts & Nevis,0,St. Lucia,0,St. Martin,0,St. Pierre & Miquelon,0,St. Vincent & Grenadines,0,Sudan,0,Suriname,0,Svalbard & Jan Mayen,0,Swaziland,0,Sweden,0,Switzerland,18,Syria,0,São Tomé & Príncipe,0,Taiwan,15,Tajikistan,0,Tanzania,0,Thailand,42,Timor-Leste,0,Togo,0,Tokelau,0,Tonga,0,Trinidad & Tobago,0,Tunisia,35,Turkey,9,Turkmenistan,0,Turks & Caicos Islands,0,Tuvalu,0,U.S. Outlying Islands,0,U.S. Virgin Islands,0,Uganda,0,Ukraine,0,United Arab Emirates,0,United Kingdom,15,United States,14,Uruguay,0,Uzbekistan,0,Vanuatu,0,Vatican City,0,Venezuela,0,Vietnam,0,Wallis & Futuna,0,Western Sahara,0,Yemen,0,Zambia,0,Zimbabwe,0,Åland Islands,0
The Wait,Afghanistan,0,Albania,0,Algeria,0,American Samoa,0,Andorra,0,Angola,0,Anguilla,0,Antarctica,0,Antigua & Barbuda,0,Argentina,7,Armenia,0,Aruba,0,Australia,43,Austria,8,Azerbaijan,0,Bahamas,0,Bahrain,0,Bangladesh,0,Barbados,0,Belarus,0,Belgium,11,Belize,0,Benin,0,Bermuda,0,Bhutan,0,Bolivia,0,Bosnia & Herzegovina,0,Botswana,0,Bouvet Island,0,Brazil,6,British Indian Ocean Territory,0,British Virgin Islands,0,Brunei,0,Bulgaria,12,Burkina Faso,0,Burundi,0,Cambodia,0,Cameroon,0,Canada,47,Cape Verde,0,Caribbean Netherlands,0,Cayman Islands,0,Central African Republic,0,Chad,0,Chile,8,China,0,Christmas Island,0,Cocos (Keeling) Islands,0,Colombia,5,Comoros,0,Congo - Brazzaville,0,Congo - Kinshasa,0,Cook Islands,0,Costa Rica,0,Croatia,0,Cuba,0,Curaçao,0,Cyprus,0,Czechia,9,Côte d’Ivoire,0,Denmark,12,Djibouti,0,Dominica,0,Dominican Republic,0,Ecuador,0,Egypt,8,El Salvador,0,Equatorial Guinea,0,Eritrea,0,Estonia,0,Ethiopia,0,Falkland Islands (Islas Malvinas),0,Faroe Islands,0,Fiji,0,Finland,9,France,5,French Guiana,0,French Polynesia,0,French Southern Territories,0,Gabon,0,Gambia,0,Georgia,0,Germany,8,Ghana,100,Gibraltar,0,Greece,12,Greenland,0,Grenada,0,Guadeloupe,0,Guam,0,Guatemala,0,Guernsey,0,Guinea,0,Guinea-Bissau,0,Guyana,0,Haiti,0,Heard & McDonald Islands,0,Honduras,0,Hong Kong,22,Hungary,8,Iceland,0,India,17,Indonesia,12,Iran,0,Iraq,0,Ireland,36,Isle of Man,0,Israel,11,Italy,7,Jamaica,94,Japan,3,Jersey,0,Jordan,0,Kazakhstan,0,Kenya,63,Kiribati,0,Kosovo,0,Kuwait,0,Kyrgyzstan,0,Laos,0,Latvia,0,Lebanon,0,Lesotho,0,Liberia,0,Libya,0,Liechtenstein,0,Lithuania,0,Luxembourg,0,Macau,0,Macedonia (FYROM),0,Madagascar,0,Malawi,0,Malaysia,21,Maldives,0,Mali,0,Malta,0,Marshall Islands,0,Martinique,0,Mauritania,0,Mauritius,0,Mayotte,0,Mexico,9,Micronesia,0,Moldova,0,Monaco,0,Mongolia,0,Montenegro,0,Montserrat,0,Morocco,0,Mozambique,0,Myanmar (Burma),0,Namibia,0,Nauru,0,Nepal,0,Netherlands,13,New Caledonia,0,New Zealand,38,Nicaragua,0,Niger,0,Nigeria,60,Niue,0,Norfolk Island,0,North Korea,0,Northern Mariana Islands,0,Norway,17,Oman,0,Pakistan,14,Palau,0,Palestine,0,Panama,0,Papua New Guinea,0,Paraguay,0,Peru,6,Philippines,62,Pitcairn Islands,0,Poland,7,Portugal,11,Puerto Rico,0,Qatar,0,Romania,10,Russia,7,Rwanda,0,Réunion,0,Samoa,0,San Marino,0,Saudi Arabia,8,Senegal,0,Serbia,0,Seychelles,0,Sierra Leone,0,Singapore,37,Sint Maarten,0,Slovakia,0,Slovenia,0,Solomon Islands,0,Somalia,0,South Africa,69,South Georgia & South Sandwich Islands,0,South Korea,10,South Sudan,0,Spain,6,Sri Lanka,0,St. Barthélemy,0,St. Helena,0,St. Kitts & Nevis,0,St. Lucia,0,St. Martin,0,St. Pierre & Miquelon,0,St. Vincent & Grenadines,0,Sudan,0,Suriname,0,Svalbard & Jan Mayen,0,Swaziland,0,Sweden,14,Switzerland,9,Syria,0,São Tomé & Príncipe,0,Taiwan,8,Tajikistan,0,Tanzania,0,Thailand,8,Timor-Leste,0,Togo,0,Tokelau,0,Tonga,0,Trinidad & Tobago,0,Tunisia,0,Turkey,3,Turkmenistan,0,Turks & Caicos Islands,0,Tuvalu,0,U.S. Outlying Islands,0,U.S. Virgin Islands,0,Uganda,0,Ukraine,5,United Arab Emirates,25,United Kingdom,35,United States,65,Uruguay,0,Uzbekistan,0,Vanuatu,0,Vatican City,0,Venezuela,0,Vietnam,6,Wallis & Futuna,0,Western Sahara,0,Yemen,0,Zambia,0,Zimbabwe,0,Åland Islands,0
Walking with Dinosaurs,Afghanistan,0,Albania,0,Algeria,0,American Samoa,0,Andorra,0,Angola,0,Anguilla,0,Antarctica,0,Antigua & Barbuda,0,Argentina,2,Armenia,0,Aruba,0,Australia,68,Austria,3,Azerbaijan,0,Bahamas,0,Bahrain,0,Bangladesh,0,Barbados,0,Belarus,0,Belgium,30,Belize,0,Benin,0,Bermuda,0,Bhutan,0,Bolivia,0,Bosnia & Herzegovina,0,Botswana,0,Bouvet Island,0,Brazil,1,British Indian Ocean Territory,0,British Virgin Islands,0,Brunei,0,Bulgaria,0,Burkina Faso,0,Burundi,0,Cambodia,0,Cameroon,0,Canada,35,Cape Verde,0,Caribbean Netherlands,0,Cayman Islands,0,Central African Republic,0,Chad,0,Chile,3,China,0,Christmas Island,0,Cocos (Keeling) Islands,0,Colombia,0,Comoros,0,Congo - Brazzaville,0,Congo - Kinshasa,0,Cook Islands,0,Costa Rica,0,Croatia,8,Cuba,0,Curaçao,0,Cyprus,0,Czechia,5,Côte d’Ivoire,0,Denmark,39,Djibouti,0,Dominica,0,Dominican Republic,0,Ecuador,0,Egypt,6,El Salvador,0,Equatorial Guinea,0,Eritrea,0,Estonia,0,Ethiopia,0,Falkland Islands (Islas Malvinas),0,Faroe Islands,0,Fiji,0,Finland,22,France,2,French Guiana,0,French Polynesia,0,French Southern Territories,0,Gabon,0,Gambia,0,Georgia,0,Germany,2,Ghana,0,Gibraltar,0,Greece,11,Greenland,0,Grenada,0,Guadeloupe,0,Guam,0,Guatemala,0,Guernsey,0,Guinea,0,Guinea-Bissau,0,Guyana,0,Haiti,0,Heard & McDonald Islands,0,Honduras,0,Hong Kong,15,Hungary,6,Iceland,0,India,5,Indonesia,7,Iran,0,Iraq,0,Ireland,36,Isle of Man,0,Israel,4,Italy,7,Jamaica,0,Japan,2,Jersey,0,Jordan,0,Kazakhstan,0,Kenya,0,Kiribati,0,Kosovo,0,Kuwait,0,Kyrgyzstan,0,Laos,0,Latvia,0,Lebanon,0,Lesotho,0,Liberia,0,Libya,0,Liechtenstein,0,Lithuania,0,Luxembourg,0,Macau,0,Macedonia (FYROM),0,Madagascar,0,Malawi,0,Malaysia,12,Maldives,0,Mali,0,Malta,0,Marshall Islands,0,Martinique,0,Mauritania,0,Mauritius,0,Mayotte,0,Mexico,2,Micronesia,0,Moldova,0,Monaco,0,Mongolia,0,Montenegro,0,Montserrat,0,Morocco,0,Mozambique,0,Myanmar (Burma),0,Namibia,0,Nauru,0,Nepal,0,Netherlands,25,New Caledonia,0,New Zealand,100,Nicaragua,0,Niger,0,Nigeria,0,Niue,0,Norfolk Island,0,North Korea,0,Northern Mariana Islands,0,Norway,32,Oman,0,Pakistan,10,Palau,0,Palestine,0,Panama,0,Papua New Guinea,0,Paraguay,0,Peru,0,Philippines,22,Pitcairn Islands,0,Poland,2,Portugal,7,Puerto Rico,0,Qatar,0,Romania,9,Russia,1,Rwanda,0,Réunion,0,Samoa,0,San Marino,0,Saudi Arabia,4,Senegal,0,Serbia,8,Seychelles,0,Sierra Leone,0,Singapore,36,Sint Maarten,0,Slovakia,0,Slovenia,0,Solomon Islands,0,Somalia,0,South Africa,15,South Georgia & South Sandwich Islands,0,South Korea,5,South Sudan,0,Spain,2,Sri Lanka,0,St. Barthélemy,0,St. Helena,0,St. Kitts & Nevis,0,St. Lucia,0,St. Martin,0,St. Pierre & Miquelon,0,St. Vincent & Grenadines,0,Sudan,0,Suriname,0,Svalbard & Jan Mayen,0,Swaziland,0,Sweden,37,Switzerland,11,Syria,0,São Tomé & Príncipe,0,Taiwan,3,Tajikistan,0,Tanzania,0,Thailand,18,Timor-Leste,0,Togo,0,Tokelau,0,Tonga,0,Trinidad & Tobago,0,Tunisia,0,Turkey,2,Turkmenistan,0,Turks & Caicos Islands,0,Tuvalu,0,U.S. Outlying Islands,0,U.S. Virgin Islands,0,Uganda,0,Ukraine,0,United Arab Emirates,13,United Kingdom,53,United States,28,Uruguay,0,Uzbekistan,0,Vanuatu,0,Vatican City,0,Venezuela,0,Vietnam,5,Wallis & Futuna,0,Western Sahara,0,Yemen,0,Zambia,0,Zimbabwe,0,Åland Islands,0
