common_title,viewCount,favoriteCount,commentCount,likeCount,dislikeCount
The 40-Year-Old Virgin,392945,0,28,503,34
The Adventures of Sharkboy and Lavagirl in 3-D,1658176,0,,,
Æon Flux,686125,0,86,719,66
Alone in the Dark,245766,0,59,99,132
The Amityville Horror,193572,0,44,199,15
Are We There Yet?,1089554,0,226,,
The Aristocrats,64994,0,10,63,9
Assault on Precinct 13,466185,0,119,378,49
Bad News Bears,262414,0,,,
The Ballad of Jack and Rose,345122,0,47,288,19
Batman Begins,13156,0,4,30,6
The Baxter,30699,0,5,29,0
Be Cool,27261,0,0,35,4
Because of Winn-Dixie,19518,0,4,42,3
Bewitched,77076,0,15,670,9
Boogeyman,114931,0,16,137,15
Brick,335137,0,214,1181,34
Brokeback Mountain,52637,0,29,,
Broken Flowers,71452,0,12,72,3
The Brothers Grimm,936069,0,307,870,46
Capote,520774,0,12,606,31
Casanova,376398,0,32,212,10
The Cave,1304278,0,383,952,127
Charlie and the Chocolate Factory,122100,0,21,157,14
Cheaper by the Dozen 2,173969,0,29,137,4
Chicken Little,869880,0,,,
"The Chronicles of Narnia: The Lion, the Witch and the Wardrobe",104210,0,9,110,9
The Chumscrubber,107683,0,43,151,5
Cinderella Man,1564566,0,354,1818,83
Coach Carter,1386696,0,294,1434,39
Constantine,305594,0,60,472,28
Corpse Bride,408614,0,60,1634,41
The Crow: Wicked Prayer,508,0,0,1,0
Cursed,42805,0,9,152,13
Daltry Calhoun,4721,0,2,17,2
Dark Water,249141,0,53,196,19
Deepwater,5432192,0,2268,12432,1113
Derailed,56670,0,1,35,6
Deuce Bigalow: European Gigolo,24607,0,,,
The Devil's Rejects,418095,0,125,332,39
Diary of a Mad Black Woman,628499,0,69,2491,95
Dirty Love,143184,0,19,102,10
Dominion: Prequel to the Exorcist,10151,0,1,7,1
Domino,997178,0,220,1122,92
Don't Come Knocking,36127,0,3,52,0
Doom,791475,0,462,1854,183
Dreamer,23336,0,58,490,2
Duck,66114,0,14,88,7
The Dukes of Hazzard,251301,0,12,,
Duma,10154,0,0,13,1
The Dying Gaul,315170,0,22,110,20
Elektra,15887,0,7,21,4
Elizabethtown,450363,0,93,616,22
Enron: The Smartest Guys in the Room,228503,0,12,285,8
Everything Is Illuminated,899407,0,509,2433,58
The Exorcism of Emily Rose,41306,0,4,118,8
The Family Stone,1068436,0,156,823,61
Fantastic Four,3662755,0,2585,8579,2752
Favela Rising,1669827,0,268,1315,138
First Descent,252480,0,69,290,6
Flightplan,1051507,0,292,1524,86
The Fog,549977,0,304,1251,55
Forty Shades of Blue,6622,0,3,5,0
Four Brothers,681295,0,,,
Fun with Dick and Jane,99117,0,2,,
Get Rich or Die Tryin',406850,0,96,396,18
Getting Played,14737,0,0,,
Goal!,612986,0,84,446,17
The Gospel,4569,0,1,37,1
"Good Night, and Good Luck",13260,0,2,25,0
The Great Raid,5591,0,0,10,1
The Greatest Game Ever Played,311913,0,54,321,10
Green Street,4214574,0,1962,6516,221
Grizzly Man,70370,0,,,
Guess Who,84744,0,6,,
Happy Endings,174344,0,0,71,2
Harry Potter and the Goblet of Fire,930557,0,218,2655,110
Her Minor Thing,145236,0,26,84,4
Herbie: Fully Loaded,229172,0,,,
Hide and Seek,2949421,0,1586,4437,275
A History of Violence,9899,0,0,4,0
Hitch,72510,0,11,373,11
The Hitchhiker's Guide to the Galaxy,2090833,0,1488,7115,181
Hoodwinked!,63289,0,19,81,12
Hostel,2204677,0,846,2162,312
House of D,41933,0,24,,
House of Wax,1905174,0,790,2201,170
Hustle & Flow,430848,0,,,
The Ice Harvest,138461,0,37,99,13
In Her Shoes,1348972,0,71,742,67
In the Mix,225222,0,42,326,23
Inside Deep Throat,1634193,0,22,302,150
Intermedio,9924,0,5,7,5
The Interpreter,81063,0,13,68,7
Into the Blue,755871,0,130,512,27
The Island,137828,0,,,
The Jacket,1482058,0,445,2244,73
Jarhead,1869624,0,518,5529,192
Just Friends,1505346,0,171,4221,154
Just Like Heaven,235262,0,16,569,16
King Kong,1679219,0,573,2940,247
King's Ransom,18041,0,2,,
Kingdom of Heaven,3769087,0,3358,5362,323
Kiss Kiss Bang Bang,375180,0,57,603,9
Land of the Dead,1858151,0,1091,1757,159
Lassie,88057,0,30,170,5
Last Days,50680,0,44,148,6
The League of Gentlemen's Apocalypse,21334,0,2,39,9
The Legend of Zorro,38173,0,4,27,3
Lonesome Jim,53227,0,27,83,2
The Longest Yard,340379,0,,,
Lord of War,270778,0,50,567,16
Lords of Dogtown,2683,0,0,4,0
The Lost City,3738092,0,256,2212,307
A Lot Like Love,3846350,0,485,4413,125
Mad Hot Ballroom,122687,0,52,127,6
Madagascar,187903,0,20,105,31
The Man,1440898,0,1084,2648,91
Man of the House,212206,0,32,229,11
Marilyn Hotchkiss' Ballroom Dancing and Charm School,113998,0,21,103,2
The Matador,23219,0,4,21,1
Match Point,671597,0,76,645,61
Memoirs of a Geisha,1740711,0,921,4473,127
MirrorMask,212963,0,2,,
Miss Congeniality 2: Armed and Fabulous,478707,0,37,1045,26
Monster-in-Law,54174,0,3,40,6
The Mostly Unfabulous Social Life of Ethan Green,37931,0,6,42,7
Mr. & Mrs. Smith,90612,0,5,75,4
Mrs. Palfrey at the Claremont,35567,0,15,79,1
Munich,172106,0,42,225,25
Murderball,52637,0,8,52,1
Must Love Dogs,243661,0,,380,23
Nanny McPhee,16490,0,0,7,1
Never Been Thawed,1413,0,0,6,0
The New World,1300558,0,715,1345,85
Neverwas,36997,0,14,60,4
Nine Lives,968682,0,548,1966,1656
No Direction Home,286156,0,48,532,13
North Country,561262,0,163,647,42
The Pacifier,1325109,0,,,
The Perfect Man,457793,0,34,1130,27
Popstar,74035,0,24,64,18
"The Prize Winner of Defiance, Ohio",55934,0,16,134,2
The Producers,110475,0,25,137,8
Proof,113949,0,18,88,3
Racing Stripes,61207,0,5,126,3
Red Eye,4035984,0,1354,6624,360
Rent,202438,0,,,
The Ring Two,11732,0,2,35,3
The Ringer,3358939,0,382,4060,355
Robots,467147,0,235,397,47
Rumor Has It...,110293,0,5,239,11
Saw II,202458,0,35,243,23
Serenity,1894093,0,797,2901,115
Shadowboxer,7430,0,0,5,0
Shopgirl,454796,0,96,478,26
Sin City,2294413,0,1177,4180,150
The Sisterhood of the Traveling Pants,327494,0,13,294,61
The Sisters,71292,0,,,
The Skeleton Key,883039,0,329,1266,78
Sky High,1457067,0,451,1566,121
Smile,25867,0,28,69,4
Son of the Mask,327112,0,97,440,180
The Squid and the Whale,396403,0,71,445,30
Star Wars: Episode III – Revenge of the Sith,2789572,0,4325,19775,572
Stay,628342,0,211,682,23
Stealth,26755,0,5,70,10
Syriana,36825,0,3,45,3
The Three Burials of Melquiades Estrada,132493,0,29,125,15
Transamerica,16999,0,3,24,1
Transporter 2,539423,0,9,411,55
Two for the Money,263857,0,20,390,25
Underclassman,296977,0,46,230,10
Undiscovered,59451,0,18,180,5
An Unfinished Life,485692,0,1,340,21
The Upside of Anger,227440,0,26,251,22
Venom,16244518,0,34984,218068,25612
Waiting...,1460519,0,420,1733,113
Walk the Line,51190,0,7,72,4
War of the Worlds,682783,0,366,2101,88
The Weather Man,414909,0,213,398,23
Wedding Crashers,1250958,0,90,1268,80
The Wedding Date,1446140,0,69,2928,99
White Noise,783968,0,255,529,49
Why We Fight,83395,0,37,203,9
The World's Fastest Indian,478058,0,100,1157,30
xXx: State of the Union,1081130,0,,,
"Yours, Mine and Ours",169801,0,18,168,10
Zathura,128686,0,22,,
A Prairie Home Companion,42791,0,6,81,3
Alien Autopsy,1561,0,2,13,5
Apocalypto,4101625,0,930,7114,533
Aquamarine,5553597,0,1021,8955,454
Art School Confidential,58828,0,15,219,8
Babel,15357,0,1,15,0
Basic Instinct 2,151978,0,6,54,11
Big Momma's House 2,277142,0,18,240,26
Blood Diamond,32296,0,3,39,2
BloodRayne,831394,0,359,457,226
Casino Royale,1370093,0,233,2703,108
Children of Men,2566183,0,1410,6452,261
Crossover,11416,0,2,60,3
Dave Chappelle's Block Party,14878,0,,,
Déjà Vu,275723,0,52,314,22
Dirty Sanchez: the Movie,354278,0,143,270,49
Dreamgirls,344420,0,31,1001,18
Eight Below,1055306,0,470,1873,46
Employee of the Month,746811,0,255,833,110
Eragon,381630,0,307,518,56
Fearless,236701,0,91,344,20
Final Destination 3,16600,0,0,15,1
Firewall,405785,0,54,221,25
Flicka,763364,0,222,528,58
Flushed Away,1986489,0,593,1761,263
Flyboys,141082,0,33,163,14
For Your Consideration,4755,0,1,20,1
Freedomland,80906,0,13,65,10
Friends with Money,991990,0,3,,
Garfield: A Tail of Two Kitties,163731,0,24,276,27
Grandma's Boy,165955,0,32,162,18
Gridiron Gang,2030865,0,41,4755,1265
Happy Feet,448949,0,37,625,93
Harsh Times,531570,0,333,611,69
Hoodwinked!,63289,0,19,81,12
Hoot,809704,0,435,1240,76
Hostel,2204677,0,846,2162,312
Ice Age: The Meltdown,529847,0,31,180,49
Idiocracy,679386,0,176,899,32
Invincible,1490231,0,244,1320,62
Jackass Number Two,148488,0,26,257,9
John Tucker Must Die,939373,0,,,
Just My Luck,2120335,0,363,2224,96
Kenny,169333,0,,733,17
Lady in the Water,353791,0,295,328,65
Last Holiday,363266,0,,,
Let's Go to Prison,620454,0,,,
Lucky Number Slevin,24178,0,0,9,1
Man of the Year,216970,0,67,221,22
Marie Antoinette,2103473,0,1051,2942,165
Miami Vice,21349,0,0,31,1
Mission: Impossible III,829540,0,99,842,41
Monster House,884659,0,327,1301,165
My Super Ex-Girlfriend,824842,0,,,
Nacho Libre,80455,0,6,52,6
Nanny McPhee,16490,0,0,7,1
Night at the Museum,54182,0,9,150,11
Notes on a Scandal,12727,0,0,7,1
One Night with the King,357726,0,3,349,20
Open Season,5132,0,0,7,1
Over the Hedge,1498699,0,436,1578,146
Pan's Labyrinth,88070,0,1,24,8
Poseidon,800304,0,284,1506,105
Rocky Balboa,1108043,0,260,3266,96
Running Scared,30687,0,68,411,12
RV,222666,0,0,,
Saw III,11819,0,1,25,2
School for Scoundrels,509227,0,87,469,39
Scoop,406935,0,38,258,20
See No Evil,19584,0,4,49,0
Silent Hill,1356869,0,563,4335,173
Slither,155772,0,17,159,17
Snakes on a Plane,390305,0,165,219,42
Stay Alive,959,0,0,0,0
Step Up,521138,0,30,354,30
Stick It,44978,0,1,67,6
Stranger Than Fiction,399936,0,66,638,32
Take the Lead,6232026,0,846,14929,245
Talladega Nights: The Ballad of Ricky Bobby,123946,0,5,,
Tenacious D in The Pick of Destiny,987644,0,239,1865,69
Thank You for Smoking,54084,0,6,145,6
The Descent,30520,0,2,17,3
The Fountain,127576,0,31,234,3
The Guardian,366359,0,31,376,31
The Hills Have Eyes,383761,0,72,477,48
The Holiday,2781603,0,472,3808,139
The Illusionist,147665,0,8,116,21
The Lake House,1256375,0,248,2422,73
The Last Kiss,3126758,0,446,2307,134
The Marine,228823,0,4,86,7
The Night Listener,207558,0,57,150,12
The Pink Panther,223809,0,45,436,28
The Prestige,702393,0,,,
The Pursuit of Happyness,373802,0,23,470,4
The Return,122672,0,129,862,12
The Santa Clause 3: The Escape Clause,48069,0,,119,11
The Secret,16398486,0,3114,46539,1691
The Sentinel,396961,0,26,308,29
The Shaggy Dog,184861,0,88,467,62
The Texas Chainsaw Massacre: The Beginning,585118,0,343,1469,93
The Wicker Man,199145,0,0,,
The Wild,1878732,0,,,
Tom-Yum-Goong,1281726,0,219,1005,47
Trailer Park Boys: The Movie,158911,0,78,170,11
Tristan and Isolde,655054,0,194,1273,43
Turistas,312392,0,60,343,30
Ultraviolet,571666,0,234,923,58
Underworld: Evolution,331268,0,32,212,13
United 93,237371,0,189,,
V for Vendetta,168130,0,60,211,56
Van Wilder: The Rise of Taj,64183,0,1,62,7
Volver,1518720,0,220,1141,68
We Are Marshall,428248,0,61,471,11
When a Stranger Calls,393460,0,197,686,37
You  Me and Dupree,1390,0,0,0,0
Zoom,301006,0,,,
The 11th Hour,1643326,0,911,2607,147
1408,1370884,0,467,2681,108
3:10 to Yuma,308151,0,61,480,25
30 Days of Night,652397,0,228,1414,67
300,3252411,0,,9913,512
Across the Universe,208399,0,34,,
Alice Upside Down,386369,0,117,497,41
Aliens vs. Predator: Requiem,602267,0,432,857,114
Alvin and the Chipmunks,5146456,0,3057,17466,4021
An American Crime,278927,0,140,230,15
American Gangster,1653622,0,231,3093,108
Anamorph,1681189,0,146,755,105
Aqua Teen Hunger Force Colon Movie Film for Theaters,22851,0,16,133,5
Arctic Tale,32453,0,,,
Are We Done Yet?,571541,0,85,,
The Assassination of Jesse James by the Coward Robert Ford,25182,0,15,59,0
August Rush,130449,0,19,395,7
Awake,46000,0,1,56,3
Balls of Fury,65859,0,4,54,3
Because I Said So,793971,0,0,666,42
Bee Movie,79458,0,7,41,16
Before the Devil Knows You're Dead,1428353,0,255,751,67
Beowulf,906092,0,165,897,124
Big Stan,768351,0,70,751,69
Blades of Glory,1294935,0,364,1723,91
The Bourne Ultimatum,981211,0,81,1061,47
The Brave One,105307,0,26,217,9
Breach,199533,0,26,109,12
Bridge to Terabithia,529337,0,,,
Broken English,24774,0,3,25,3
Brotherhood of Blood,31355,0,4,21,8
The Brothers Solomon,66216,0,0,,
The Bucket List,3589,0,1,3,0
Captivity,114947,0,20,137,20
Cassandra's Dream,189946,0,30,153,14
Chapter 27,818177,0,641,1414,100
Charlie Wilson's War,18266,0,2,9,4
The Condemned,895359,0,404,685,53
Control,1564416,0,592,3470,65
Crazy Love,194866,0,28,151,14
Cthulhu,497755,0,600,400,514
Daddy Day Camp,15453,0,6,106,18
Dan in Real Life,1084834,0,279,1107,74
Day Zero,7192,0,0,7,0
Dead Silence,4770286,0,1761,11701,714
Death Sentence,593391,0,222,1128,39
Delta Farce,469384,0,135,377,43
Devil Girl,33045,0,25,103,3
Disturbia,35599,0,12,63,0
The Diving Bell and the Butterfly,13598,0,2,41,3
Eastern Promises,43995,0,1,,
Elvis and Anabelle,236488,0,33,477,16
Enchanted,596525,0,185,905,71
Evan Almighty,169109,0,15,,
Evening,322676,0,73,443,17
The Ex,9429,0,0,10,1
Extreme Movie,810705,0,108,757,68
Fantastic Four: Rise of the Silver Surfer,437594,0,143,388,37
Firehouse Dog,273162,0,113,492,21
The Flock,216397,0,36,114,7
Freakshow,57841,0,63,87,21
Fred Claus,531450,0,63,313,41
Freedom Writers,1151280,0,821,2235,69
Full of It,6103,0,0,,
The Game Plan,1798469,0,328,2289,112
The Gene Generation,78786,0,9,44,17
Georgia Rule,204979,0,29,401,14
Ghost Rider,2420167,0,505,2259,237
The Girl in the Park,174083,0,35,61,14
The Golden Compass,761083,0,465,1169,70
Gone Baby Gone,1160715,0,214,1043,101
Good Luck Chuck,1765,0,0,1,0
The Good Night,455793,0,71,357,28
Grace Is Gone,3754,0,0,19,0
Gracie,84202,0,11,191,6
The Great Debaters,319997,0,,580,38
Hairspray,568288,0,121,2362,62
Halloween,5587,0,3,60,1
The Hammer,6782447,0,1964,4008,1414
Happily N'Ever After,147571,0,35,188,44
Harry Potter and the Order of the Phoenix,53681,0,11,151,10
Highlander: The Source,79176,0,26,66,17
The Hills Have Eyes 2,565365,0,39,422,86
The Hitcher,2738,0,0,6,0
Hitman,1172097,0,237,1175,138
Honeydripper,43462,0,12,45,5
Hostel: Part II,458845,0,139,206,32
Hot Rod,940813,0,,,
I Am Legend,202859,0,37,478,21
I Could Never Be Your Woman,381410,0,1,436,26
I Know Who Killed Me,424375,0,73,264,23
I Now Pronounce You Chuck and Larry,19810,0,3,37,0
I Think I Love My Wife,20247,0,,,
I'm Not There,938602,0,288,1721,53
In the Land of Women,46426,0,7,36,2
In the Valley of Elah,9022,0,0,13,0
Interview,1188717,0,355,4406,214
Into the Wild,1878732,0,,,
The Invasion,821448,0,365,655,41
The Invisible,2723845,0,1434,4517,198
Joshua,510918,0,398,743,58
Juno,9974416,0,4362,20919,1478
The King of Kong: A Fistful of Quarters,8622,0,0,10,1
The Kingdom,450410,0,66,453,73
The Kite Runner,125738,0,,,
Knock Knock,8539419,0,4890,12579,3164
Knocked Up,30184,0,3,7,1
Lake of Fire,106685,0,212,206,18
Lars and the Real Girl,12679,0,0,14,0
The Last Mimzy,6288,0,4,10,1
The Last Sin Eater,30521,0,3,27,2
License to Wed,175647,0,9,315,13
The Life Before Her Eyes,114917,0,11,391,13
Lions for Lambs,468957,0,27,465,60
The List,3589,0,1,3,0
Live Free or Die Hard,,0,0,50,9
The Lookout,54507,0,3,32,5
Love in the Time of Cholera,608715,0,158,662,38
"Lust, Caution",2461737,0,283,865,77
Manda Bala (Send a Bullet),21446,0,4,68,3
Margot at the Wedding,379522,0,90,349,23
Marigold,9727,0,0,9,0
Married Life,121238,0,7,82,6
Martian Child,448864,0,139,522,28
Meet the Robinsons,2591477,0,985,3313,295
The Messengers,101424,0,14,428,27
Michael Clayton,787791,0,,485,48
A Mighty Heart,22794,0,4,15,1
The Mist,2974122,0,2387,5510,307
Mister Lonely,47251,0,20,48,2
The Mother of Tears,329862,0,115,278,47
Moving McAllister,129694,0,25,151,9
Mr. Brooks,666088,0,159,831,69
Mr. Magorium's Wonder Emporium,71337,0,11,120,12
Mr. Woodcock,16845,0,1,19,1
Mr. Untouchable,379805,0,147,158,14
Music and Lyrics,44925,0,0,,
My Bollywood Bride,64231,0,7,29,3
Nanking,63384,0,150,129,52
The Nanny Diaries,1501008,0,207,3586,86
National Treasure: Book of Secrets,17938,0,1,8,2
Netherbeast Incorporated,44114,0,27,83,8
Next,455591,0,71,517,47
No Country for Old Men,200157,0,60,373,14
No End in Sight,167757,0,80,295,14
No Reservations,5622,0,,18,0
Norbit,3635725,0,726,4913,419
Normal Adolescent Behavior,168287,0,36,129,14
The Number 23,434930,0,260,879,60
Ocean's Thirteen,46113,0,3,30,1
P.S. I Love You,2966249,0,235,5787,180
P2,673397,0,308,871,46
Perfect Stranger,19873,0,5,123,5
Persepolis,478477,0,4,1826,58
Pirates of the Caribbean: At World's End,1153100,0,437,3980,73
The Poughkeepsie Tapes,866838,0,95,1122,74
Premonition,74167,0,6,387,10
Pride,1123207,0,497,4576,293
Primeval,1853098,0,25,1476,622
Ratatouille,37055,0,0,28,4
The Reaping,133188,0,56,134,17
Redline,787430,0,789,3556,106
Reign Over Me,14029,0,6,69,5
Remember the Daze,104081,0,16,151,12
Rendition,838315,0,283,606,64
Resident Evil: Extinction,320755,0,58,486,31
Resurrecting the Champ,67170,0,2,41,5
Rocket Science,162089,0,30,365,11
Rolling,49593,0,19,138,3
Rush Hour 3,257431,0,33,185,14
Savage Grace,272241,0,22,281,24
Saw IV,18505,0,0,21,2
The Seeker,110152,0,25,385,42
Seraphim Falls,75719,0,3,63,10
Shoot 'Em Up,2782461,0,956,2840,225
Shooter,115177,0,3,51,6
Shrek the Third,474788,0,,,
Sicko,769317,0,1226,2048,146
The Simpsons Movie,1473886,0,418,2759,228
Sinners,1000574,0,192,579,55
Sleuth,288364,0,119,279,16
Slipstream,152187,0,40,122,12
Smiley Face,741116,0,151,967,96
Smokin' Aces,648117,0,201,640,33
Spider-Man 3,1988194,0,580,,
Spiral,77976,0,29,56,17
Stomp the Yard,18818,0,1,130,6
Stuck,87615,0,39,54,17
Suburban Girl,387492,0,32,214,25
Suffering Man's Charity,12262,0,14,27,0
Sunshine,1952796,0,1287,3564,365
Superbad,12931,0,1,,
Surf's Up,381463,0,122,366,40
Sweeney Todd: The Demon Barber of Fleet Street,4975423,0,4379,12888,369
Talk to Me,184930,0,46,231,11
The Ten,675899,0,,,
There Will Be Blood,1002968,0,463,2960,88
Things We Lost in the Fire,45686,0,13,76,5
TMNT,2491,0,0,3,0
Transformers,719540,0,61,846,94
Underdog,1276773,0,16,1567,146
Vacancy,8634,0,5,61,6
Walk Hard: The Dewey Cox Story,1488013,0,597,1990,172
War,226784,0,7,231,15
War/Dance,105662,0,52,187,4
The Water Horse: Legend of the Deep,927893,0,284,1746,82
We Own the Night,8687,0,4,63,7
Whisper,95077,0,17,233,14
White Noise: The Light,258090,0,131,223,27
Wild Hogs,107907,0,,110,11
Wind Chill,319823,0,115,296,25
You Kill Me,244398,0,30,146,17
Youth Without Youth,142201,0,13,179,11
Zodiac,70652,0,4,42,3
"10,000 BC",36722,0,3,18,0
21,39443,0,0,44,2
27 Dresses,146346,0,,,
88 Minutes,551716,0,90,469,48
The Accidental Husband,279588,0,25,140,35
An American Carol,43963,0,38,104,82
American Teen,79852,0,36,83,15
Appaloosa,242261,0,54,206,16
August,130449,0,19,395,7
Baby Mama,1162527,0,154,631,87
Babylon A.D.,3541950,0,1203,2803,234
Ballast,99962,0,50,80,15
Bangkok Dangerous,147304,0,,,
Be Kind Rewind,858841,0,323,3144,407
Bedtime Stories,19276,0,1,21,1
Beer for My Horses,2801,0,0,3,0
The Betrayal - Nerakhoon,53785,0,45,87,3
Beverly Hills Chihuahua,949050,0,,1607,238
Body of Lies,63035,0,16,38,4
Bolt,1611098,0,,,
The Boy in the Striped Pyjamas,135207,0,81,163,9
Burn After Reading,34297,0,19,35,1
Cadillac Records,136531,0,19,,
Changeling,54564,0,10,79,5
Choke,3663221,0,694,3872,1841
The Chronicles of Narnia: Prince Caspian,87510,0,8,131,8
City of Ember,135632,0,67,106,5
Cloverfield,7714769,0,6830,9696,817
College,167381,0,33,155,33
College Road Trip,9879,0,1,12,0
The Curious Case of Benjamin Button,46533,0,4,39,4
The Dark Knight,1194900,0,1208,5283,99
The Day the Earth Stood Still,35806,0,8,26,3
Death Race,34610,0,1,25,2
Deception,1316756,0,168,619,58
Defiance,697512,0,,,
"Definitely, Maybe",296853,0,31,418,13
Delgo,298807,0,278,204,314
Disaster Movie,3030399,0,1845,3134,2198
Doomsday,21045,0,1,25,1
Doubt,529828,0,,728,54
Drillbit Taylor,1901835,0,578,2184,74
Eagle Eye,1455476,0,295,1562,102
Elegy,305373,0,14,257,15
The Express,11314874,0,9378,65401,4814
The Eye,298202,0,59,297,26
Felon,2298257,0,645,1987,115
Fireflies in the Garden,71631,0,10,81,3
Fireproof,32852,0,,49,4
Flash of Genius,210793,0,44,369,14
Fool's Gold,7744,0,0,5,1
The Forbidden Kingdom,163302,0,14,133,11
Forgetting Sarah Marshall,234425,0,23,62,46
Four Christmases,998930,0,110,769,48
Frost/Nixon,14843,0,8,32,0
Frozen River,58543,0,2,37,18
Funny Games,836998,0,541,1128,118
The Garden,253502,0,112,1159,27
Garden Party,168759,0,26,,
Get Smart,12405,0,0,2,2
Ghost Town,110148,0,,243,20
Gran Torino,79706,0,16,118,8
Hamlet 2,91996,0,21,101,8
Hancock,32906,0,2,24,1
Hannah Montana & Miley Cyrus: Best of Both Worlds Concert,142992,0,,,
The Happening,1844836,0,1020,2092,313
Harold,130576,0,,,
Harold & Kumar Escape from Guantanamo Bay,20040,0,5,24,1
Hellboy II: The Golden Army,2963893,0,979,2582,164
Henry Poole Is Here,339883,0,173,329,32
Hero Wanted,526750,0,1,150,33
High School Musical 3: Senior Year,1559552,0,,,
Horton Hears a Who!,540903,0,139,658,56
The Hottie and the Nottie,830019,0,468,609,1119
The House Bunny,2087827,0,170,2749,80
Igor,35874,0,2,14,3
In Bruges,20390,0,0,11,0
The Incredible Hulk,7710600,0,1742,3971,565
Indiana Jones and the Kingdom of the Crystal Skull,197679,0,171,222,16
Inkheart,650733,0,470,665,51
Iron Man,9037,0,2,12,4
Journey to the Center of the Earth,29485,0,1,27,1
Jumper,165966,0,37,523,48
Kit Kittredge: An American Girl,359100,0,130,835,43
Kung Fu Panda,1105152,0,94,1587,167
Lakeview Terrace,3596,0,0,3,0
Last Chance Harvey,9356,0,2,10,0
Leatherheads,15445,0,0,9,3
The Love Guru,15891,0,13,30,15
The Longshots,52401,0,3,50,7
The Lucky Ones,146716,0,27,151,10
Mad Money,30418,0,3,27,5
Madagascar: Escape 2 Africa,626808,0,,,
Made of Honor,697091,0,71,835,27
Mamma Mia!,34159,0,1,23,3
Man on Wire,325790,0,79,295,17
Marley & Me,130915,0,24,169,11
Max Payne,230871,0,96,533,43
Meet the Browns,29853,0,17,31,4
Meet the Spartans,705549,0,201,1239,186
The Midnight Meat Train,450629,0,206,595,50
Milk,693974,0,,1503,153
Miracle at St. Anna,212451,0,,,
Mirrors,6827904,0,2693,11352,2064
The Mummy: Tomb of the Dragon Emperor,3615328,0,2169,6722,842
My Best Friend's Girl,153087,0,8,112,9
My Sassy Girl,281723,0,116,330,69
Never Back Down,1039234,0,163,2886,86
Nick and Norah's Infinite Playlist,132408,0,58,196,13
Nights in Rodanthe,199214,0,9,231,33
Nim's Island,441604,0,91,622,29
Nothing But the Truth,82575,0,6,36,9
Nothing Like the Holidays,5115,0,3,14,1
One Missed Call,861137,0,369,2443,203
The Other Boleyn Girl,535149,0,263,624,28
Over Her Dead Body,5994,0,0,1,0
Passengers,27571246,0,18040,125080,5844
Pathology,239858,0,21,183,20
Pineapple Express,36027,0,2,53,1
The Pirates Who Don't Do Anything: A VeggieTales Movie,7440037,0,3245,17540,1340
Pride and Glory,1663607,0,412,1202,78
Prom Night,1396342,0,626,1046,218
The Promotion,839859,0,152,432,86
Punisher: War Zone,3057743,0,1310,3400,1206
Quantum of Solace,1318869,0,907,1874,98
Quarantine,718712,0,751,846,168
Rachel Getting Married,965544,0,,658,98
Rambo,942224,0,133,1655,93
The Reader,53917,0,0,32,3
Redbelt,12808,0,2,17,0
Religulous,516829,0,774,1824,162
Repo! The Genetic Opera,253709,0,267,633,37
Revolutionary Road,761182,0,498,847,39
Righteous Kill,186987,0,60,184,18
The Rocker,251376,0,94,357,27
Role Models,467396,0,172,530,31
The Ruins,304647,0,,,
Saw V,66170,0,7,,
The Secret Life of Bees,71331,0,31,154,6
Semi-Pro,20058,0,4,59,4
Seven Pounds,201246,0,70,334,8
Sex and the City,146698,0,6,72,16
Sex Drive,4174585,0,1064,4911,1040
Shutter,119520,0,8,232,5
The Sisterhood of the Traveling Pants 2,163099,0,5,785,7
Smart People,178929,0,27,108,4
Space Chimps,42011,0,4,15,1
Speed Racer,88036,0,29,106,7
The Spiderwick Chronicles,430725,0,,,
The Spirit,20393,0,10,27,0
Star Wars: The Clone Wars,247109,0,43,128,55
Step Brothers,1115475,0,195,1759,81
Step Up 2: The Streets,3540165,0,555,2855,151
Stop-Loss,705180,0,,,
Strange Wilderness,336162,0,,,
The Strangers,920169,0,237,420,30
Street Kings,17635,0,1,22,1
Superhero Movie,31187,0,4,24,0
Swing Vote,549739,0,202,412,29
Taken,4231595,0,3342,5089,174
The Tale of Despereaux,5804,0,1,10,1
Traitor,44165,0,3,33,3
Tropic Thunder,18258,0,0,12,2
Twilight,10735445,0,6516,21753,1391
U2 3D,2338954,0,420,1766,263
Untraceable,495850,0,193,591,42
Valkyrie,1225651,0,1080,1584,108
Vantage Point,43830,0,7,38,0
Vicky Cristina Barcelona,1093970,0,80,1462,99
Visioneers,73345,0,8,82,2
W.,35720,0,15,60,2
WALL-E,589577,0,190,854,68
Waltz with Bashir,47332,0,5,101,3
Wanted,630206,0,66,748,31
"War, Inc.",765470,0,237,583,64
Welcome Home Roscoe Jenkins,132527,0,8,66,4
What Doesn't Kill You,13329,0,3,13,0
What Happens in Vegas,202077,0,14,296,13
What Just Happened,2113,0,0,0,1
Witless Protection,164512,0,23,97,33
The Women,739106,0,173,602,81
The Wrestler,83888,0,37,129,5
The X-Files: I Want to Believe,253659,0,131,477,58
Yes Man,397044,0,72,421,16
You Don't Mess with the Zohan,602969,0,159,833,80
Zack and Miri Make a Porno,56900,0,2,60,7
(500) Days of Summer,97194,0,8,178,3
12 Rounds,996223,0,246,833,61
17 Again,1015180,0,114,1980,102
2012,1922449,0,1816,2497,430
9,1676538,0,2095,7257,318
Adam,1611084,0,1143,3959,95
Adventureland,603627,0,66,906,37
After.Life,5488792,0,1834,4587,477
Aliens in the Attic,1237994,0,361,1414,146
All About Steve,975503,0,341,802,83
Alvin and the Chipmunks: The Squeakquel,2559895,0,149,2438,317
Amelia,1509201,0,441,1661,129
American Violet,165812,0,64,241,6
Angels & Demons,1742713,0,75,2174,660
Armored,276784,0,85,284,30
Assassination of a High School President,92620,0,2,28,7
Astro Boy,64483,0,30,92,12
Avatar,138214,0,98,231,28
Away We Go,118626,0,31,200,13
The Bad Lieutenant: Port of Call New Orleans,55535,0,2,20,6
Battle for Terra,8007,0,0,,
Beyond a Reasonable Doubt,288620,0,37,251,16
The Blind Side,270776,0,70,533,24
The Boondock Saints II: All Saints Day,422713,0,149,586,20
The Box,526693,0,230,1124,81
Bride Wars,514706,0,55,859,32
Brothers,440090,0,607,646,30
The Brothers Bloom,11155,0,0,8,0
Brüno,194833,0,86,299,41
C Me Dance,50458,0,8,66,185
Carriers,2177265,0,718,3439,155
The Chaos Experiment,3589,0,0,3,1
A Christmas Carol,3389137,0,822,5342,330
Cirque du Freak: The Vampire's Assistant,1392560,0,2170,2790,261
Cloudy with a Chance of Meatballs,196884,0,29,132,8
Cold Souls,6173,0,2,9,3
The Collector,2212438,0,840,2382,160
Confessions of a Shopaholic,777473,0,3,930,48
Coraline,3002686,0,1716,6422,882
Couples Retreat,1621978,0,48,3948,132
The Cove,3110466,0,8180,8386,877
Crank: High Voltage,10209,0,3,13,0
Crazy Heart,2456646,0,563,2597,140
The Cross,33554,0,23,208,11
Dance Flick,7478,0,0,19,0
Did You Hear About the Morgans?,257052,0,40,241,24
District 9,51155,0,0,19,3
Drag Me to Hell,138026,0,20,280,24
Dragonball Evolution,521745,0,666,,
Duplicity,5742,0,0,1,0
Echelon Conspiracy,38257,0,2,35,5
Everybody's Fine,18939,0,2,110,6
Extract,48463,0,9,27,6
Fame,134839,0,46,159,6
Fantastic Mr. Fox,5507239,0,2893,12782,738
Fast & Furious,69273028,0,23472,326800,9964
Fighting,3251520,0,265,8526,285
The Final Destination,28803,0,7,41,7
Fired Up!,675876,0,81,555,68
"Food, Inc.",145715,0,96,309,22
Friday the 13th,595891,0,227,1119,95
Funny People,120238,0,10,67,2
G-Force,349981,0,35,170,25
G.I. Joe: The Rise of Cobra,62341,0,,,
Gallowwalker,279809,0,141,233,31
Gamer,2270294,0,922,3659,213
Gentlemen Broncos,1286313,0,694,2935,206
Ghosts of Girlfriends Past,1070006,0,159,1334,62
Gigantic,286512,0,78,414,27
The Girlfriend Experience,452323,0,59,228,47
"The Goods: Live Hard, Sell Hard",16650,0,5,8,1
The Grudge 3,1408045,0,456,875,125
Halloween II,96311,0,139,233,16
The Hangover,601647,0,,425,32
Hannah Montana: The Movie,344762,0,157,712,75
Harry Potter and the Half-Blood Prince,1785444,0,,6201,167
The Haunting in Connecticut,4184038,0,3210,5858,380
He's Just Not That Into You,268231,0,16,280,16
Homecoming,447549,0,,477,70
Horsemen,363393,0,100,209,26
Hotel for Dogs,30780,0,4,73,5
Humpday,6550,0,2,7,2
I Hate Valentine's Day,21732,0,0,17,2
I Hope They Serve Beer in Hell,2156750,0,1005,1576,1026
The Hurt Locker,190422,0,,,
"I Love You, Beth Cooper",3243255,0,269,5885,299
"I Love You, Man",1912641,0,,,
Ice Age: Dawn of the Dinosaurs,1220298,0,119,908,114
Imagine That,1174280,0,163,1023,59
The Imaginarium of Doctor Parnassus,26981,0,,42,1
The Informers,294201,0,47,114,18
Inglourious Basterds,322051,0,102,767,36
The International,720311,0,124,361,53
Invictus,7061,0,0,1,2
An Invisible Sign,506348,0,152,941,57
The Invention of Lying,55092,0,3,235,10
It Might Get Loud,192435,0,101,536,8
It's Complicated,1197082,0,91,1234,62
Jennifer's Body,4850283,0,2060,5729,543
Julie & Julia,1559946,0,281,4050,112
Knowing,162098,0,,,
Laid to Rest,610001,0,238,643,83
Land of the Lost,1571510,0,487,1947,202
The Last House on the Left,5327,0,0,14,2
Law Abiding Citizen,443578,0,60,717,31
Life During Wartime,66983,0,21,107,8
Love Happens,407484,0,49,255,27
The Lovely Bones,2540604,0,2107,11380,258
Lymelife,37991,0,4,34,3
Madea Goes to Jail,522211,0,74,1918,120
The Maiden Heist,78222,0,6,41,4
Management,1920,0,0,0,0
Me and Orson Welles,64471,0,22,147,5
The Merry Gentleman,115019,0,30,103,10
Michael Jackson's This Is It,2095163,0,1293,9362,217
Miss March,91215,0,10,68,8
Monsters vs. Aliens,55480,0,0,53,11
Motherhood,84349,0,10,102,10
My Bloody Valentine 3D,274134,0,184,574,28
My Life in Ruins,1930756,0,541,2121,200
My Sister's Keeper,28943,0,4,55,6
My One and Only,186970,0,47,196,31
New in Town,410418,0,,,
New Moon,963026,0,186,693,75
"New York, I Love You",389980,0,172,377,66
Night at the Museum: Battle of the Smithsonian,268631,0,83,295,14
Nine,235869,0,33,511,41
Ninja Assassin,3589333,0,1003,5234,281
Notorious,312,0,0,0,0
Observe and Report,,0,3,82,16
Old Dogs,2002212,0,510,2392,280
Orphan,4290985,0,3169,,
Pandorum,505267,0,,,
Paper Heart,369905,0,265,751,36
Paul Blart: Mall Cop,310045,0,162,270,203
A Perfect Getaway,172625,0,36,85,9
The Pink Panther 2,507237,0,177,590,55
Planet 51,569577,0,196,868,96
Post Grad,236835,0,75,178,21
Powder Blue,730709,0,72,371,41
Precious,690966,0,438,471,56
The Princess and the Frog,7913274,0,82,6212,1865
The Private Lives of Pippa Lee,677916,0,110,336,28
The Proposal,2565270,0,26,4657,130
Public Enemies,3759559,0,1551,5756,244
Push,1562231,0,284,5260,133
Race to Witch Mountain,1100024,0,204,1641,74
The Road,147703,0,40,100,9
Saw VI,620880,0,480,811,90
A Serious Man,231923,0,68,829,35
Sherlock Holmes,268068,0,138,328,20
Shorts,304676,0,339,722,112
A Single Man,119243,0,3,249,9
Sorority Row,167816,0,43,656,19
Spread,212185,0,9,245,29
Star Trek,630650,0,,,
State of Play,91031,0,14,40,7
The Stepfather,567620,0,257,604,64
Street Fighter: The Legend of Chun-Li,915399,0,602,505,269
Surrogates,281219,0,112,298,12
The Taking of Pelham 123,67496,0,48,118,8
Taking Woodstock,767354,0,256,1676,45
Tekken,4992094,0,7140,3904,2006
Tennessee,33245,0,11,106,4
Terminator Salvation,84858,0,39,105,10
Tetro,575902,0,164,820,36
The Time Traveler's Wife,2433719,0,423,11480,197
Trick 'r Treat,1329317,0,378,3304,149
True Adolescents,7031,0,0,,
Tyson,168687,0,63,154,5
The Ugly Truth,3573957,0,383,5721,235
The Unborn,5035658,0,2699,5280,473
Underworld: Rise of the Lycans,80865,0,0,64,5
The Uninvited,101207,0,19,100,9
Up,1102837,0,55,1587,158
Up in the Air,1266418,0,142,1598,62
Watchmen,49680,0,4,52,6
We Live in Public,412839,0,143,766,56
What Goes Up,422539,0,80,311,34
Whatever Works,5592,0,1,4,1
Where the Wild Things Are,602527,0,354,1976,78
Whiteout,88270,0,8,101,11
Whip It,4439640,0,1684,12575,771
World's Greatest Dad,136957,0,47,250,23
X-Men Origins: Wolverine,123244,0,6,82,6
Year One,808815,0,305,1208,92
Zombieland,2569380,0,669,5479,296
127 Hours,1989977,0,874,2336,102
The A-Team,,0,1,24,4
A Little Help,318848,0,89,335,25
Adventures of Power,118751,0,17,158,80
Alice in Wonderland,1797119,0,615,2468,130
Alpha and Omega,5851,0,0,10,0
The American,194877,0,10,179,23
The Back-up Plan,881772,0,70,1463,60
Barry Munday,2384,0,2,3,1
BearCity,527448,0,44,471,108
Big Money Rustlas,77684,0,145,340,56
Black Swan,26824307,0,14372,45617,2250
Blue Valentine,5077496,0,1308,10283,356
The Book of Eli,46690,0,0,25,0
The Bounty Hunter,1130646,0,48,1344,68
Brooklyn's Finest,2117851,0,924,2030,94
Buried,23815,0,8,17,5
Burlesque,2697296,0,1034,7005,197
Case 39,19069,0,1,8,3
Casino Jack,106985,0,20,39,4
Casino Jack and the United States of Money,35604,0,15,80,2
Cats & Dogs: The Revenge of Kitty Galore,487238,0,92,997,102
Charlie St. Cloud,9309013,0,4357,34386,856
The Chronicles of Narnia: The Voyage of the Dawn Treader,3696430,0,5295,8514,252
City Island,172209,0,28,260,12
Clash of the Titans,122641,0,19,298,25
Client 9: The Rise and Fall of Eliot Spitzer,13888,0,2,30,2
The Company Men,617086,0,178,518,58
Conviction,2188638,0,837,3354,87
Cop Out,650093,0,87,1553,86
Country Strong,893995,0,229,1369,70
The Crazies,257357,0,84,333,21
Crazy on the Outside,379092,0,27,164,19
Cyrus,4630,0,0,4,0
Date Night,4418212,0,920,3904,177
Daybreakers,434719,0,52,371,20
Dead Awake,461418,0,135,610,61
Dear John,9961158,0,4339,23430,682
Death at a Funeral,1518745,0,709,1309,100
Despicable Me,5298492,0,986,6247,500
Devil,381569,0,361,273,39
Diary of a Wimpy Kid,981081,0,508,2456,132
Dinner for Schmucks,2722461,0,1057,4014,265
Dirty Girl,11973,0,0,5,0
Due Date,146221,0,28,145,6
Easy A,8235461,0,3033,17126,528
Eat Pray Love,4927615,0,1360,7415,467
The Twilight Saga: Eclipse,4208453,0,1985,8353,295
Edge of Darkness,409312,0,31,164,13
The Expendables,19520023,0,16740,35015,1279
The Extra Man,1122,0,0,6,1
Fair Game,1290738,0,393,981,95
Faster,6947044,0,1500,6072,335
The Fighter,382762,0,70,737,22
Flipped,14796,0,2,14,1
For Colored Girls,783600,0,1849,1615,172
Freakonomics,8717,0,1,7,0
From Paris with Love,481460,0,102,345,32
Frozen,34187001,0,7442,54065,8634
Furry Vengeance,91056,0,57,259,54
Game of Death,1300979,0,,473,118
Get Him to the Greek,313276,0,239,712,71
Get Low,59250,0,6,62,3
Going the Distance,71831,0,4,61,5
The Good Guy,1174046,0,99,1883,146
The Greatest,15991996,0,4746,85512,2388
Green Zone,1035823,0,283,973,93
Greenberg,177098,0,41,251,16
Grown Ups,37238,0,0,29,2
Gulliver's Travels,548935,0,176,838,96
Happy Tears,239754,0,25,172,34
Hachiko: A Dog's Story,2225524,0,1988,8001,157
Harry Potter and the Deathly Hallows: Part 1,3681412,0,3519,13803,300
Hereafter,1480933,0,406,1572,111
Hot Tub Time Machine,27475,0,0,23,4
How Do You Know,2062734,0,81,5603,168
How to Train Your Dragon,165033,0,42,131,12
Hubble 3D,820030,0,126,514,50
Hyenas,581134,0,188,192,188
I Love You Phillip Morris,1148563,0,736,2932,296
I'm Still Here,1263190,0,562,1302,122
Inception,1952743,0,461,1577,53
Iron Man 2,617914,0,164,2100,105
It's Kind of a Funny Story,8327359,0,3830,22759,505
Jack Goes Boating,98487,0,21,134,20
Jonah Hex,37359,0,5,26,5
The Joneses,1449284,0,267,1348,102
Just Wright,3008266,0,878,8045,235
Kaboom,13682,0,0,18,5
The Karate Kid,505204,0,322,696,40
Kick-Ass,78286,0,3,94,6
Killers,1043462,0,129,578,106
Knight and Day,2728100,0,587,5553,165
Knucklehead,22033,0,,45,12
The Last Airbender,8366132,0,9605,10279,2796
The Last Exorcism,80328,0,38,59,6
The Last Song,4408878,0,118,12188,715
Leap Year,31316,0,10,29,3
Legend of the Guardians: The Owls of Ga'Hoole,236004,0,56,262,11
Legion,1584690,0,2413,2628,391
Letters to God,849001,0,365,2009,100
Letters to Juliet,54268,0,11,50,2
Life as We Know It,40746,0,2,52,2
Like Dandelion Dust,3030,0,0,3,0
Little Fockers,508582,0,184,562,41
The Losers,207841,0,25,513,20
Lottery Ticket,2955725,0,1957,4820,372
Love Ranch,29549,0,6,59,2
MacGruber,349927,0,68,198,40
Machete,117989,0,145,329,15
Marmaduke,123276,0,83,250,112
Marwencol,160333,0,49,525,10
Megamind,1020098,0,306,1313,74
Middle Men,1808043,0,326,1273,105
Morning Glory,5801669,0,1408,6710,287
My Soul to Take,249923,0,175,374,29
Nanny McPhee Returns,97347,0,12,58,7
Never Let Me Go,14101439,0,5114,37869,985
The Next Three Days,4274049,0,1194,4954,226
A Nightmare on Elm Street,2825996,0,1827,3950,222
The Other Guys,6990091,0,2466,10007,359
Our Family Wedding,1938689,0,905,2967,168
Paranormal Activity 2,18634384,0,7234,11263,1795
Passion Play,856819,0,305,856,275
Percy Jackson & the Olympians: The Lightning Thief,5834456,0,6627,11877,837
The Perfect Game,35801,0,49,96,3
Piranha 3-D,869782,0,105,604,107
Please Give,503002,0,39,214,23
Predators,21769,0,5,24,1
Prince of Persia: The Sands of Time,4721940,0,1482,6592,377
Rabbit Hole,,0,375,1100,191
Ramona and Beezus,1323996,0,316,2866,120
The Rebound,5706291,0,838,4452,239
Red,625232,0,34,906,53
Repo Men,4067662,0,2046,3563,728
Resident Evil: Afterlife,20927708,0,20303,30308,3304
Robin Hood,2318214,0,1004,2562,169
The Romantics,595940,0,128,308,55
The Runaways,2019502,0,1350,3389,167
Salt,6736523,0,2742,6987,461
Saw VII,726092,0,231,600,72
Scott Pilgrim vs. the World,2139017,0,2020,13759,320
Secretariat,1652859,0,322,2392,100
Sex and the City 2,335811,0,26,166,21
She's Out of My League,3398406,0,864,3492,191
Shrek Forever After,214314,0,25,225,26
Shutter Island,119520,0,8,232,5
Skyline,4174201,0,3009,5025,1056
Small Town Saturday Night,34044,0,0,41,3
The Social Network,10499260,0,8695,24466,1253
Solitary Man,190362,0,39,118,20
Somewhere,716585,0,280,1212,45
The Sorcerer's Apprentice,2476716,0,268,3435,226
Splice,91859,0,10,179,18
The Spy Next Door,416749,0,50,354,32
Step Up 3D,8028060,0,1578,17580,512
Stone,192341,0,70,284,20
The Switch,6770711,0,1022,6849,318
Takers,81011,0,8,72,5
Tangled,1294015,0,132,1898,84
Tooth Fairy,2614868,0,818,3267,525
The Town,3266366,0,504,7739,339
The Tourist,5131271,0,1912,6748,481
Toy Story 3,10246456,0,2912,8134,1080
Tron: Legacy,11879271,0,4762,22345,988
True Grit,35013,0,2,11,0
Twelve,8844,0,0,7,2
Unstoppable,6224419,0,2854,7996,478
Valentine's Day,11557,0,1,7,0
Vampires Suck,825535,0,451,2056,215
Waiting for Superman,716334,0,739,1147,67
Wall Street: Money Never Sleeps,17590,0,8,15,0
Welcome to the Rileys,1617713,0,805,5335,133
What If...,184254,0,139,1396,37
What's Wrong with Virginia,182300,0,14,229,25
When in Rome,4791429,0,162,9048,636
Why Did I Get Married Too?,142687,0,68,303,43
Winter's Bone,2122677,0,551,2068,98
The Wolfman,46972,0,3,32,4
Yogi Bear,419165,0,993,550,1111
You Again,10486649,0,225,19389,603
Youth in Revolt,180966,0,17,265,14
11-11-11,50876,0,43,36,5
30 Minutes or Less,464575,0,429,1201,51
35 and Ticking,374992,0,72,345,39
50/50,318353,0,31,588,18
Abduction,6215404,0,1785,8791,774
The Adjustment Bureau,1030021,0,260,2066,75
The Adventures of Tintin: The Secret of the Unicorn,2489535,0,1076,3358,248
Alvin and the Chipmunks: Chipwrecked,1458177,0,195,1349,413
Another Earth,3179154,0,1395,5759,407
Apollo 18,2305240,0,1995,3137,396
The Art of Getting By,6052524,0,3446,24050,354
Arthur,4241078,0,2063,6490,603
Arthur Christmas,3202169,0,620,3448,221
Atlas Shrugged: Part I,3339587,0,,,
Bad Teacher,536803,0,,1317,111
Battle: Los Angeles,1338364,0,785,2530,139
Beastly,11219122,0,11014,39261,1612
The Beaver,1577395,0,1727,2104,680
Beginners,2456298,0,616,6084,225
"Big Mommas: Like Father, Like Son",2775803,0,816,3267,348
The Big Year,2132556,0,648,1836,192
The Twilight Saga: Breaking Dawn - Part 1,8722771,0,3991,21960,1305
Bridesmaids,3402588,0,551,3829,324
Bucky Larson: Born to Be a Star,807561,0,1227,1245,1976
Captain America: The First Avenger,2073140,0,1330,4431,136
Carnage,633961,0,247,675,107
Cars 2,9783471,0,400,4723,1714
Cedar Rapids,1249726,0,386,923,88
The Change-Up,358008,0,40,941,36
The Chaperone,100635,0,30,99,17
Colombiana,135298,0,97,231,47
Conan the Barbarian,673297,0,1183,1033,1775
The Conspirator,12728,0,9,23,2
Contagion,8337784,0,5559,10924,1041
Courageous,2876472,0,1961,7075,417
Cowboys & Aliens,582668,0,137,502,15
"Crazy, Stupid, Love.",194866,0,28,151,14
The Darkest Hour,555275,0,226,1193,140
The Debt,13175,0,0,2,4
The Descendants,4596764,0,1110,4838,334
The Devil's Double,1487098,0,639,2292,121
Diary of a Wimpy Kid: Rodrick Rules,5207064,0,2310,9328,569
The Dilemma,102653,0,2,53,5
Dirty Girl,11973,0,0,5,0
Dolphin Tale,439650,0,197,1001,56
Don't Be Afraid of the Dark,112783,0,44,89,14
The Double,2780410,0,1083,9718,298
Dream House,704437,0,151,764,67
Drive,4319324,0,1596,10052,504
Drive Angry,317171,0,153,356,103
Dylan Dog: Dead of Night,125613,0,89,307,57
The Eagle,5070808,0,2603,4700,553
Everything Must Go,291068,0,59,335,34
Extremely Loud and Incredibly Close,367632,0,103,985,42
Fast Five,3816031,0,2246,5762,165
Father of Invention,293928,0,181,715,44
Final Destination 5,890849,0,873,1505,258
Footloose,83971,0,,,
Friends with Benefits,1683058,0,46,,
Fright Night,4028677,0,3802,6273,602
From Prada to Nada,19467,0,3,17,1
The Future,1043621,0,298,2578,83
The Girl with the Dragon Tattoo,454923,0,310,1016,70
Glee: The 3D Concert Movie,3606940,0,1710,6891,685
Gnomeo and Juliet,267864,0,58,266,45
A Good Old Fashioned Orgy,132438,0,18,53,36
The Green Hornet,2351898,0,1486,2848,266
Green Lantern,31059,0,0,17,4
Hall Pass,1706753,0,228,1728,133
The Hangover: Part II,4561170,0,2244,6161,323
Hanna,29329,0,4,17,1
Happy Feet Two,8247515,0,1616,7207,930
Happythankyoumoreplease,286904,0,171,742,53
Harry Potter and the Deathly Hallows: Part 2,12142262,0,27576,65012,1310
The Heart Specialist,217718,0,54,171,20
The Help,819630,0,405,2330,74
Higher Ground,12790,0,0,5,8
Hoodwinked Too! Hood vs. Evil,261853,0,285,509,132
Hop,291198,0,31,227,21
Horrible Bosses,1268139,0,236,2252,85
Hugo,164313,0,57,330,23
I Am Number Four,52833,0,3,30,5
I Don't Know How She Does It,504742,0,49,467,46
The Ides of March,2283543,0,367,2397,146
Immortals,108618,0,44,280,32
In Time,5570193,0,8323,46936,6771
Inside Out,7099877,0,1108,16565,1436
Insidious,17844867,0,14087,23233,1566
J. Edgar,1065613,0,716,1397,73
Jack and Jill,837416,0,1993,1956,5750
Judy Moody and the Not Bummer Summer,852686,0,643,1974,378
Jumping the Broom,4360404,0,894,4594,491
Just Go with It,8945949,0,2480,10253,544
Justin Bieber: Never Say Never,15839866,0,15596,42697,31377
Kill the Irishman,1769645,0,1086,2246,111
Killer Elite,3889401,0,1404,3968,193
Kung Fu Panda 2,994218,0,345,1329,86
Larry Crowne,168744,0,23,163,14
Life in a Day,1711990,0,866,8837,125
Limitless,4211769,0,2246,8572,172
The Lincoln Lawyer,2789114,0,588,2230,127
Lucky,533715,0,137,1556,79
Machine Gun Preacher,58491,0,8,63,1
Madea's Big Happy Family,533748,0,253,1191,65
Margaret,288622,0,121,401,49
Margin Call,1957556,0,678,2288,107
Mars Needs Moms,158315,0,92,206,72
Martha Marcy May Marlene,1229303,0,346,2136,89
The Mechanic,8780330,0,1962,8100,396
Midnight in Paris,756384,0,185,1695,65
Mission: Impossible – Ghost Protocol,405403,0,27,419,38
Moneyball,4834384,0,1931,5095,298
Monte Carlo,12707201,0,5877,35504,1906
Mr. Popper's Penguins,3562168,0,1335,3881,446
The Muppets,2324613,0,759,5257,453
New Year's Eve,20971,0,0,11,1
No Strings Attached,694570,0,,,
One Day,6665138,0,1089,24552,509
Paranormal Activity 3,14025,0,1,8,2
Paul,1197976,0,329,1614,62
Pearl Jam Twenty,463916,0,324,2209,21
The Perfect Host,589508,0,380,1106,114
Pirates of the Caribbean: On Stranger Tides,6513316,0,4756,18044,486
Priest,1180566,0,545,1401,124
Prom,1329709,0,1648,3330,260
Puncture,27881,0,1,7,1
Puss in Boots,6074150,0,623,7613,664
Rango,10594320,0,2318,12652,904
Real Steel,44047,0,3,31,2
Red Riding Hood,10921268,0,9133,16837,3524
Red State,2018490,0,2000,3278,375
Restless,382823,0,78,891,30
The Reunion,908914,0,168,504,226
Rio,3326756,0,332,3034,563
Rise of the Planet of the Apes,10506424,0,4555,8151,762
The Rite,2997532,0,1461,3002,243
The Roommate,953853,0,406,1827,160
The Rum Diary,1131741,0,194,2038,105
Sanctum,24671,0,0,9,2
Scream 4,285416,0,124,345,29
Seance: The Summoning,414206,0,136,286,166
Season of the Witch,75186,0,26,128,7
Seven Days in Utopia,135210,0,38,184,15
Shark Night 3D,1207510,0,1508,1253,683
Sherlock Holmes: A Game of Shadows,2374225,0,990,6275,142
The Sitter,863971,0,357,1213,94
Skateland,371523,0,147,575,74
The Smurfs,3021476,0,987,3473,1186
Snow Flower and the Secret Fan,491800,0,200,981,43
Something Borrowed,1457280,0,230,3911,101
The Son of No One,250774,0,29,302,24
Soul Surfer,6390691,0,2186,7808,296
Source Code,7929535,0,4914,13702,374
Spy Kids: All the Time in the World,806154,0,734,1452,357
Straw Dogs,507838,0,,225,43
Sucker Punch,2391907,0,1678,4637,340
Super,154374,0,78,447,27
Super 8,376679,0,92,795,34
Take Me Home Tonight,4336714,0,1633,7238,283
Take Shelter,2026084,0,1065,3663,140
Texas Killing Fields,901830,0,284,838,47
The Thing,585469,0,,1581,40
Thor,5589407,0,3116,9084,391
The Three Musketeers,525648,0,138,732,68
Tower Heist,5304309,0,1569,6597,317
Transformers: Dark of the Moon,1962337,0,925,3234,172
The Tree of Life,873621,0,425,2939,81
Trespass,71096,0,37,141,5
Unknown,2139649,0,651,2496,164
A Very Harold & Kumar 3D Christmas,591481,0,826,2895,118
Waiting for Forever,2401310,0,1150,4940,259
Warrior,4679617,0,981,10617,370
Water for Elephants,194395,0,71,252,18
The Way,1904590,0,1068,4633,151
We Bought a Zoo,240957,0,68,331,23
What's Your Number?,5353398,0,1454,7403,383
Win Win,137328,0,21,108,6
Winnie the Pooh,3742266,0,4979,14073,566
X-Men: First Class,13078811,0,6759,19652,808
Young Adult,5748093,0,858,3952,739
Your Highness,5389725,0,2544,8145,447
Zookeeper,2868640,0,1171,2603,1277
"3, 2, 1... Frankie Go Boom",331135,0,99,633,60
2 Days in New York,35854,0,,,
A Burning Hot Summer,33664,0,2,63,3
A Late Quartet,2179,0,0,7,1
A Liar's Autobiography,656,0,0,2,0
Ai Weiwei: Never Sorry,36293,0,11,199,2
Albatross,10118,0,,,
Amador,55509,0,16,60,2
Anna Karenina,8688776,0,4164,21836,882
Arbitrage,1047169,0,219,854,94
Attenberg,156636,0,44,146,24
Bad Kids Go to Hell,1173153,0,785,1361,1374
Barfi!,284699,0,34,506,37
Being Flynn,5211,0,0,3,1
Beneath the Darkness,3931,0,1,3,0
Brave,17645657,0,12676,40927,3242
Casa de Mi Padre,7559,0,0,4,4
Chasing Ice,2078093,0,614,6361,127
Cheerful Weather for the Wedding,12693,0,0,24,0
Chronicle,15661501,0,14594,44893,1382
Cloud Atlas,224938,0,22,167,96
Comic-Con Episode IV: A Fan's Hope,59159,0,18,230,4
Compliance,194743,0,71,312,23
Coriolanus,1582242,0,1063,2854,120
Cosmopolis,14445434,0,2733,6831,3793
Crooked Arrows,16888,0,50,104,69
Damsels in Distress,301420,0,72,289,74
Darling Companion,37508,0,33,99,78
Deadfall,5839092,0,1188,5890,511
Declaration of War,31218,0,7,39,2
Detropia,25265,0,31,50,3
Don't Go in the Woods,67234,0,43,92,13
Ek Tha Tiger,9930136,0,9873,29389,3938
End of Watch,5129273,0,3258,9632,425
Entrance,60458,0,71,75,138
Fightville,64830,0,22,97,5
Finding Nemo 3D,7876237,0,1184,5578,1887
First Position,158768,0,53,428,10
Footnote,56330,0,13,86,6
Friends with Kids,6889,0,0,2,0
Fullmetal Alchemist: The Sacred Star of Milos,162856,0,750,1305,12
Fun Size,51301,0,62,323,16
Fury,7433958,0,1615,10396,1039
Gone,2767997,0,169,3004,114
Good Deeds,317974,0,138,586,644
Goon,8071,0,0,6,0
Headhunters,172297,0,55,149,6
Here Comes the Boom,4705345,0,2189,8882,459
House at the End of the Street,4765632,0,3075,8035,619
Hyde Park on Hudson,222533,0,13,112,26
Hysteria,1382418,0,404,2390,112
Jack Reacher,537209,0,178,311,100
Jeff,819269,0,352,1447,111
Jesus Henry Christ,2037947,0,725,13716,865
Jiro Dreams of Sushi,101446,0,31,302,14
John Carter,8676001,0,3071,8869,1017
Journey 2: The Mysterious Island,49429,0,2,26,1
Joyful Noise,6529,0,0,1,0
Keyhole,36035,0,8,31,23
Killer Joe,111406,0,12,76,5
Lay the Favorite,203541,0,31,94,20
Les Misérables,3307753,0,4702,14265,285
Lincoln,9063612,0,10421,19930,3052
Lockout,2822590,0,870,2730,250
Lola Versus,1145636,0,108,991,88
Looper,1384610,0,1449,3983,103
Magic Mike,2378283,0,743,2428,270
Man on a Ledge,3771193,0,1038,2910,210
Mansome,692666,0,195,2014,51
Marley,309990,0,157,947,30
Men in Black 3,17398737,0,12769,68053,1270
Monsieur Lazhar,244786,0,34,373,15
Monsters,,0,,,
Moonrise Kingdom,1974780,0,630,8316,139
Nativity 2: Danger in the Manger,101717,0,23,146,11
Nobody Walks,1515566,0,241,2707,157
North Sea Texas,260037,0,45,353,15
Norwegian Wood,721135,0,307,1591,32
Not Fade Away,40731,0,,,
One for the Money,286966,0,17,39,8
Oslo,251714,0,80,493,16
Paranormal Activity 4,1405283,0,1022,1385,893
ParaNorman,292757,0,127,773,41
Parental Guidance,1717750,0,531,1962,274
People Like Us,2107802,0,514,2330,232
Piranha 3DD,7054477,0,2840,4195,2231
Pitch Perfect,402364,0,245,1111,33
Polisse,310041,0,100,329,18
Premium Rush,4188888,0,2506,10313,692
Project X,21749930,0,16818,39230,5177
Prometheus,6824097,0,9525,27904,705
Pusher,89404,0,13,,
Rampart,57188,0,18,93,69
Red Dawn,5698215,0,10841,14769,2538
Red Tails,40022,0,6,38,7
Rise of the Guardians,5867885,0,2672,16686,615
Robot & Frank,33545,0,4,50,3
Ruby Sparks,194017,0,38,879,15
Safe,28533,0,0,12,4
Safe House,9610685,0,1630,5863,570
Safety Not Guaranteed,2484659,0,864,8124,325
Salmon Fishing in the Yemen,6709,0,0,5,0
Searching for Sugar Man,1098137,0,240,1998,59
Seeking a Friend for the End of the World,1122586,0,114,557,20
Seven Psychopaths,1586296,0,428,6295,145
Silent Hill: Revelation,3562752,0,711,1339,116
Silent House,2449644,0,1773,3281,446
Silver Linings Playbook,342033,0,45,403,18
Sing Your Song,33323,0,4,77,5
Sinister,2397088,0,701,5703,303
Skyfall,25863717,0,,53389,2298
Smashed,121171,0,113,496,23
Sound of My Voice,78037,0,11,145,9
Sparkle,587858,0,319,1178,56
Stolen,3658612,0,1970,2595,1219
Surviving Progress,44062,0,16,206,4
Tabu,375241,0,32,525,20
Take This Waltz,573874,0,216,798,44
Taken 2,16292020,0,14679,38189,1701
Ted,21270185,0,7236,41975,2508
That's My Boy,291175,0,107,497,96
The Ambassador,6110,0,1,12,18
The Best Exotic Marigold Hotel,9727,0,0,9,0
The Campaign,1013279,0,404,1377,76
The Collection,4174672,0,1534,6162,477
The Details,60929,0,13,63,20
The Devil Inside,55819,0,14,72,5
The Divide,343749,0,350,1224,87
The Fitzgerald Family Christmas,143781,0,36,114,68
The Flowers of War,963236,0,1185,1842,93
The Impossible,12431823,0,7443,43899,1430
The Imposter,430300,0,73,519,23
The Invisible War,384639,0,359,1261,47
The Lucky One,625370,0,,1898,148
The Man with the Iron Fists,1120861,0,480,1330,122
The Master,4643674,0,3272,7576,433
The Oranges,156197,0,79,483,11
The Paperboy,514366,0,66,291,25
The Perks of Being a Wallflower,441210,0,223,1843,30
The Pirates! In an Adventure with Scientists!,3810,0,0,3,0
The Queen of Versailles,166667,0,33,103,32
The Raid: Redemption,2642411,0,1286,5354,193
The Raven,13826,0,0,4,0
The Secret World of Arrietty,125053,0,298,715,27
The Sessions,1346064,0,365,1750,102
The Three Stooges,364160,0,264,865,124
The Vow,12365108,0,3655,24625,800
The Waiting Room,16647,0,0,16,2
The Watch,346571,0,201,749,24
The Woman in Black,14889,0,5,38,1
The Woman in the Fifth,4967,0,2,4,0
The Words,3966697,0,1500,7379,235
Think Like a Man,5076712,0,1784,10685,512
This Is 40,781471,0,0,,
This Means War,2487783,0,799,5086,232
This Must Be the Place,1043587,0,396,2253,143
Total Recall,2818881,0,1378,5135,483
Trouble with the Curve,1295462,0,97,687,26
Underworld: Awakening,220706,0,226,734,27
Union Square,18239,0,6,17,6
Virginia,182300,0,14,229,25
Wanderlust,4925215,0,394,7072,524
We Have a Pope,124729,0,14,52,3
West of Memphis,40493,0,2,,
What to Expect When You're Expecting,21565,0,0,13,1
Where Do We Go Now?,76840,0,34,191,10
Won't Back Down,551482,0,508,1421,214
Wrath of the Titans,50990,0,1,17,2
Wreck-It Ralph,1624513,0,3728,8168,276
Zero Dark Thirty,2652236,0,2821,4085,1125
2 Guns,198496,0,158,835,28
12 Rounds 2: Reloaded,457906,0,65,267,21
12 Years a Slave,4934561,0,4556,12502,566
20 Feet from Stardom,788899,0,172,1744,80
21 and Over,1322146,0,749,3204,234
3 Geezers!,3950,0,0,2,1
30 Nights of Paranormal Activity with the Devil Inside the Girl with the Dragon Tattoo,119503,0,21,113,19
42,248266,0,135,635,23
47 Ronin,453062,0,61,341,23
The ABCs of Death,925827,0,397,1351,350
Abandoned Mine,349752,0,108,204,136
Admission,373910,0,26,407,41
After Earth,17124180,0,12657,40628,3393
Aftershock,576382,0,644,1271,582
Ain't Them Bodies Saints,823931,0,215,1592,89
All Is Lost,101158,0,,,
Alone yet Not Alone,116473,0,90,559,46
American Hustle,28602,0,4,100,9
Anchorman 2: The Legend Continues,9962803,0,3504,25553,1903
Angels Sing,5985,0,1,16,0
Apartment 1303 3D,5530291,0,2269,7309,4518
Apocalypse Earth,1341707,0,252,278,369
At Any Price,13116202,0,742,19727,870
Arthur Newman,1971,0,0,2,0
Ass Backwards,46282,0,7,53,16
Assault on Wall Street,3157941,0,1567,3927,653
August: Osage County,2736126,0,1154,4189,307
Baggage Claim,747100,0,340,1280,103
Battle of the Year,3453645,0,1446,10692,648
The Baytown Outlaws,362292,0,45,147,30
Beautiful Creatures,4724471,0,4757,14126,903
Before Midnight,19680,0,17,594,4
Behind the Candelabra,411702,0,24,129,19
Beneath,90629,0,50,365,35
Beside Still Waters,3051,0,2,21,1
Best Kept Secret,15074,0,9,68,0
Best Man Down,893321,0,43,596,61
The Best Man Holiday,30331,0,9,50,5
Big Ass Spider!,741515,0,243,1117,178
Big Sur,261483,0,113,742,29
The Big Wedding,242999,0,59,251,11
Black Nativity,7226,0,17,52,19
Blackfish,117333,0,123,266,54
Black Rock,66471,0,27,81,27
"Bless Me, Ultima",344067,0,164,618,69
The Bling Ring,8223591,0,2158,16148,1067
Blue Caprice,478195,0,211,689,47
Blue Jasmine,39993,0,19,47,17
Blue Ruin,57838,0,4,42,5
The Book of Esther,590017,0,256,1604,190
The Book Thief,5025605,0,3715,21167,533
Bounty Killer,1116862,0,143,701,133
The Brass Teapot,3909691,0,605,7566,610
Breathe In,1015605,0,334,1522,101
Bridegroom,15194,0,0,51,3
Broken City,1483255,0,67,572,39
Bullet to the Head,238410,0,96,637,50
The Butler,817116,0,1078,3905,187
C.O.G.,168346,0,171,673,56
The Call,717592,0,279,982,90
Can a Song Save Your Life?,11965759,0,1524,33583,873
The Canyons,1057434,0,141,499,120
Captain Phillips,717289,0,682,2646,109
Carrie,110755,0,80,457,19
CBGB,180942,0,213,1362,45
Charlie Countryman,6449,0,0,23,2
Cheech & Chong's Animated Movie,537976,0,94,2030,124
Chilling Visions: 5 Senses of Fear,224404,0,0,,
The Cloth,876740,0,209,526,431
Cloudy with a Chance of Meatballs 2,829123,0,151,1022,106
Coffin Baby,138409,0,20,86,20
Company of Heroes,943949,0,1387,2317,494
Computer Chess,42907,0,11,70,2
Concussion,17737076,0,3674,21870,1865
The Conjuring,6924221,0,3597,13312,1015
Contest,34059,0,11,168,14
Continental,471758,0,175,672,54
Contracted,291988,0,110,437,46
The Counselor,171280,0,39,211,26
The Croods,8178174,0,1122,10285,1262
Cutie and the Boxer,358906,0,65,1376,22
Dallas Buyers Club,890059,0,313,2113,56
Dark Skies,6272704,0,3876,9111,958
A Dark Truth,17058,0,2,13,2
Dead Man Down,5216781,0,1853,5522,461
Despicable Me 2,5447078,0,1127,17888,1381
Disconnect,265027,0,,,
Dirty Wars,302452,0,310,975,43
Don Jon,4915148,0,532,4391,237
Don't Stop Believin': Everyman's Journey,80649,0,,,
Dracula: The Dark Prince,844944,0,,404,334
Drinking Buddies,5061231,0,777,7607,588
Elysium,9674404,0,6381,22439,1124
Emperor,50734,0,21,77,11
Empire State,507034,0,22,255,122
Ender's Game,9548792,0,15543,29381,1884
The English Teacher,1600908,0,113,1250,267
Enough Said,29403,0,33,119,5
Epic,11666,0,4,27,2
Erased,1088190,0,197,451,56
Escape from Planet Earth,2055574,0,524,2417,365
Escape Plan,6467936,0,2161,12121,610
Europa Report,2729729,0,1631,4443,321
Evil Dead,9159649,0,5280,12726,1629
The Face of Love,589818,0,99,1186,82
Family Weekend,374837,0,71,304,64
Fast & Furious 6,17769043,0,5509,41689,2182
The Fifth Estate,3672495,0,3240,13083,1195
Five Dances,990859,0,71,1609,196
Foodfight!,274564,0,1801,1678,465
Frances Ha,230411,0,42,398,16
Free Birds,1602145,0,919,3588,364
Fright Night 2: New Blood,643171,0,213,338,171
Frozen,34187003,0,7442,54065,8634
Fruitvale Station,455935,0,237,1485,47
G.B.F.,911348,0,640,,
G.I. Joe: Retaliation,49099,0,1,48,9
Gangster Squad,8778,0,4,23,1
Generation Iron,229909,0,59,655,27
Geography Club,201031,0,157,1066,28
Getaway,1231969,0,1586,4421,386
The Ghost Army,396229,0,32,595,27
Girl Most Likely,644357,0,118,899,66
A Glimpse Inside the Mind of Charles Swan III,494454,0,226,1282,156
Gravity,8200,0,0,2,0
The Great Gatsby,3952813,0,2955,14280,279
The Green Inferno,923205,0,199,656,147
Greetings from Tim Buckley,1531077,0,335,4835,161
"Grow Up, Tony Phillips",77627,0,74,220,133
Grown Ups 2,7609245,0,5264,20493,1682
Grudge Match,4158249,0,1486,9189,427
The Hangover Part III,308667,0,164,1084,30
Hansel & Gretel,321059,0,164,216,97
Hansel & Gretel Get Baked,2148276,0,799,4452,1225
Hansel & Gretel: Witch Hunters,1364751,0,834,3337,188
Hansel & Gretel: Warriors of Witchcraft,358985,0,35,,
Hatchet III,401529,0,203,777,143
"Hateship, Loveship",333381,0,42,350,37
A Haunted House,3172300,0,642,4704,173
The Haunting in Connecticut 2: Ghosts of Georgia,1716184,0,410,2473,259
He's Way More Famous Than You,21974,0,9,59,66
The Heat,125845,0,19,165,9
Hell Baby,3965708,0,591,21239,1570
Her,2398158,0,944,5966,215
The Hobbit: The Desolation of Smaug,58890,0,1,41,3
Home Run,275028,0,80,827,36
Homefront,8614398,0,2826,20655,787
The Hospital,10068,0,25,34,3
The Host,25740,0,0,9,8
The Hot Flashes,874691,0,128,780,574
Hours,1566433,0,725,3697,139
How to Be a Man,62912,0,55,314,7
The Hunger Games: Catching Fire,32238143,0,50626,189152,4450
I Am Divine,147992,0,24,529,24
I'm in Love with a Church Girl,1742367,0,596,5427,529
I Know That Voice,45058,0,43,435,3
I Used to Be Darker,71656,0,5,81,7
The Iceman,2459586,0,1124,3369,251
In a World...,58567,0,67,558,19
The Incredible Burt Wonderstone,2080081,0,275,2713,85
Inequality for All,263016,0,306,1186,68
The Inevitable Defeat of Mister & Pete,240501,0,186,1131,32
Inside Llewyn Davis,7740,0,0,1,1
Insidious: Chapter 2,17946640,0,10224,42457,2575
The Internship,5184576,0,2317,11314,619
Iron Man 3,3349525,0,2596,14358,635
ISteve,29263,0,,,
It's a Disaster,439476,0,172,723,111
Jack the Giant Killer,179791,0,36,43,85
Jack the Giant Slayer,43498,0,1,17,6
Jackass Presents: Bad Grandpa,25979573,0,16425,136244,4389
Java Heat,795658,0,323,1151,179
Jay & Silent Bob's Super Groovy Cartoon Movie,566890,0,1324,4994,438
Jayne Mansfield's Car,160151,0,57,396,78
Jobs,2237937,0,2466,13047,910
Joe,2824655,0,619,3218,172
Jug Face,2942193,0,1161,2923,1686
Justice League: The Flashpoint Paradox,1321232,0,2237,5814,102
Kevin Hart: Let Me Explain,91138,0,20,248,8
Kick-Ass 2,605194,0,1226,4029,86
Kill Your Darlings,2290564,0,1111,12809,266
Killing Season,2211531,0,2130,2207,1084
The Kings of Summer,668937,0,138,2222,26
Kink,7330,0,0,3,1
Kiss of the Damned,36314,0,10,69,13
Koch,173,0,0,0,0
Last Call,160537,0,9,72,19
The Last Exorcism Part II,1366510,0,504,1254,194
The Last of Robin Hood,2193102,0,234,3531,305
The Last Stand,59249,0,64,419,18
Last Vegas,2039127,0,251,2728,233
Last Weekend,691353,0,10,873,58
Let the Fire Burn,75783,0,28,244,10
Liars All,112147,0,37,138,8
Life of Crime,36866,0,,,
The Lifeguard,10009203,0,1354,29469,811
Little Feet,16026,0,16,76,1
The Lone Ranger,2608867,0,1079,4233,363
The Lords of Salem,2843310,0,1548,5413,753
The Lost Medallion: The Adventures of Billy Stone,430583,0,87,487,48
Lovelace,3054707,0,610,4733,285
Lone Survivor,16346619,0,12542,36791,3084
Lucky Them,66222,0,1,57,16
LUV,13760,0,0,,
Machete Kills,287446,0,283,1448,151
A Madea Christmas,423003,0,67,415,28
Magic Magic,14504,0,15,56,1
Manhattan Romance,2296057,0,81,3490,286
Man of Steel,40190625,0,47660,128173,6431
Manhunt: The Search for Bin Laden,26517,0,1,19,3
The Marine 3: Homefront,746119,0,,1263,159
Masterminds,3554778,0,409,9965,304
McCanick,334018,0,261,1034,76
Medora,15643,0,11,52,1
Metallica Through the Never,908835,0,846,4747,94
Monsters University,5321200,0,1616,13831,1437
The Mortal Instruments: City of Bones,6507433,0,11440,29867,1042
Movie 43,1549590,0,830,2636,402
Much Ado About Nothing,385814,0,168,780,24
Mud,507339,0,143,533,33
Nebraska,1133628,0,424,1316,94
No One Lives,743265,0,303,950,64
Now You See Me,423766,0,1,33,2
Oblivion,268332,0,48,403,32
Officer Down,1216979,0,274,514,291
Oldboy,9369727,0,1132,11502,2325
Olympus Has Fallen,7970144,0,7313,14161,1639
One Direction: This Is Us,199626,0,90,2710,77
Out of the Furnace,4840546,0,2092,9730,397
Oz the Great and Powerful,3055587,0,1346,8059,463
Pacific Rim,7011544,0,7912,25695,1079
The Package,30887,0,1,15,0
Pain & Gain,19789281,0,7765,44937,2599
Half Life,202972,0,169,700,32
Paradise,370873,0,42,828,55
The Pardon,4942,0,0,3,1
Parker,825226,0,427,1490,86
Parkland,1926623,0,359,3196,144
Pawn Shop Chronicles,2854,0,1,9,3
Penthouse North,483759,0,129,442,113
Percy Jackson: Sea of Monsters,6952,0,0,9,0
Phantom,3284450,0,773,2386,290
Philomena,687498,0,216,906,65
Pit Stop,66355,0,3,45,7
The Place Beyond the Pines,24489,0,49,217,2
Planes,806346,0,586,1615,482
Plush,1622640,0,185,3238,497
Plus One,1730245,0,582,2979,535
The Pretty One,2445303,0,297,9591,183
Prince Avalanche,271375,0,156,817,77
Prisoners,8763697,0,4707,18437,677
Proxy,225651,0,24,139,51
The Punk Singer,95937,0,38,545,9
The Purge,743351,0,1094,2178,157
Rapture-Palooza,2143369,0,1793,5228,1962
The Red Robin,14116,0,16,34,4
RED 2,679627,0,268,2262,80
A Resurrection,480583,0,109,306,63
Riddick,8262443,0,4222,17496,1221
R.I.P.D.,828015,0,627,2903,158
Roadside,241,0,0,0,0
Robosapien: Rebooted,870891,0,227,764,218
Runner Runner,12073556,0,6357,64421,1097
Safe Haven,9984771,0,3191,16791,761
Salinger,2143,0,0,3,0
The Saratov Approach,220017,0,122,717,54
Savannah,5361,0,1,11,0
Saving Mr. Banks,1013584,0,315,2233,84
Saving Santa,120159,0,9,80,12
Scary Movie 5,13460109,0,11172,29979,6970
Scenic Route,12818,0,4,4,0
The Secret Life of Walter Mitty,309820,0,214,1194,41
She Wants Me,7586257,0,484,,
Short Term 12,84255,0,31,197,94
Side Effects,287926,0,6,69,10
A Single Shot,230708,0,49,217,25
Skinwalker Ranch,190917,0,114,375,62
The Smurfs 2,1981495,0,552,2944,697
The Smurfs: The Legend of Smurfy Hollow,134616,0,26,142,17
Snitch,7159478,0,2040,10167,524
Some Velvet Morning,1875301,0,188,2523,335
Sound City,1586216,0,688,9068,99
The Spectacular Now,15950601,0,4373,65392,1019
Spiders 3D,30218,0,67,90,77
Spring Breakers,40368,0,21,93,16
Standing Up,168804,0,65,137,14
Stand Up Guys,65128,0,,,
Star Trek Into Darkness,172536,0,61,606,16
The Starving Games,695522,0,794,4137,1394
Stoker,2970882,0,135,1125,71
Struck by Lightning,2710841,0,2164,19133,345
Submit the Documentary,6656,0,3,23,0
Sunlight Jr.,303557,0,125,633,42
Superman: Unbound,1308141,0,1587,4925,219
Sweetwater,278565,0,57,530,47
A Teacher,449751,0,121,269,48
Temptation: Confessions of a Marriage Counselor,16966073,0,6855,43355,5337
Test,3581,0,0,2,0
Texas Chainsaw 3D,698187,0,817,1630,140
The Square,1684181,0,323,5010,395
This Is the End,7664318,0,2587,15624,831
Thor: The Dark World,17720822,0,11747,64261,2453
Turbo,2026429,0,623,4299,438
UnHung Hero,172649,0,67,235,30
The Unknown Known,256262,0,193,922,104
The Unspeakable Act,39505,0,20,34,12
Unsupersize Me,1534,0,0,7,0
Upstream Color,4160,0,3,82,0
V/H/S/2,345231,0,212,512,32
Vehicle 19,999476,0,494,2096,164
Violet & Daisy,1047578,0,441,2475,116
The Wait,107413,0,27,183,22
Walking with Dinosaurs,828736,0,679,2391,218
Warm Bodies,2915841,0,3281,16911,542
"The Way, Way Back",1904590,0,1068,4633,151
We Are What We Are,1112140,0,430,1276,108
We Steal Secrets: The Story of WikiLeaks,4510008,0,2380,13727,848
We're the Millers,821054,0,677,4329,221
Welcome to the Jungle,27347120,0,23380,159193,51863
White House Down,34174,0,3,13,1
White Reindeer,80610,0,12,113,12
The Wicked,13021418,0,1858,10122,3402
The Wolf of Wall Street,20379912,0,11399,59732,2733
The Wolverine,17982556,0,15896,154216,3148
World War Z,524219,0,166,672,41
Wrong,214092,0,115,778,33
Wrong Cops,714628,0,266,1881,735
You're Next,4700780,0,4364,12291,835
You Are Here,5039466,0,532,9655,450
Zombie Hunter,132522,0,12,96,16
Paranormal Activity: The Marked Ones,2256444,0,1211,3521,556
Open Grave,72139,0,32,209,7
Cold Comes the Night,98283,0,71,214,7
Dumbbells,53469,0,1,,
The Legend of Hercules,3925570,0,1706,3572,1854
Raze,492761,0,64,798,30
Back in the Day,19609,0,6,68,18
Devil's Due,126153,0,18,208,28
Jack Ryan: Shadow Recruit,150574,0,145,382,63
Jamesy Boy,33105,0,12,54,3
The Nut Job,2906072,0,594,3949,755
Ride Along,2029849,0,1343,12167,252
Black Water Vampire,84800,0,13,52,12
"I, Frankenstein",6759832,0,6591,18062,4147
Mega Shark Versus Mecha Shark,745547,0,474,1535,260
Labor Day,347848,0,70,357,26
That Awkward Moment,8597429,0,962,22753,875
Android Cop,166055,0,42,77,55
The Monuments Men,86444,0,15,158,12
The Outsider,1339998,0,2411,16003,1019
After the Dark,68225,0,7,139,4
Nurse 3D,14920,0,0,4,0
The Pretty One,2445303,0,297,9591,183
Vampire Academy,627884,0,502,1637,164
About Last Night,7361470,0,771,19056,724
Adult World,34746,0,10,51,6
Camp Takota,15438,0,13,236,5
Date and Switch,4578236,0,245,7222,834
Endless Love,17757545,0,3120,42470,1907
RoboCop,141100,0,60,671,59
Someone Marry Barry,8675,0,0,4,0
Apocalypse Pompeii,364774,0,88,128,178
3 Days to Kill,12416,0,1,53,0
Angels in Stardust,92075,0,10,53,8
Barefoot,46939,0,2,10,0
Holy Ghost People,172270,0,59,109,46
The Bag Man,192820,0,34,194,30
Non-Stop,877355,0,143,696,81
Repentance,549555,0,87,676,35
Son of God,3502039,0,4699,19156,1669
300: Rise of an Empire,16701798,0,19223,52153,2462
Mr. Peabody & Sherman,4815899,0,981,9024,1364
Better Living Through Chemistry,1449778,0,162,2509,153
Need for Speed,12262130,0,5614,40448,1700
The Single Moms Club,1197678,0,218,6120,277
Veronica Mars,4543730,0,1564,14999,1259
Divergent,6441416,0,1951,18274,597
God's Not Dead,5826845,0,24407,34728,11967
Muppets Most Wanted,2276790,0,1228,6249,790
50 to 1,477274,0,111,684,27
Noah,357531,0,137,1124,88
Alien Abduction,25370,0,3,18,5
Captain America: The Winter Soldier,27943059,0,9362,77263,3172
In the Blood,1248822,0,204,2141,161
Draft Day,3768634,0,597,2236,283
Oculus,1997600,0,173,583,47
Rio 2,1350329,0,431,3327,334
Asian School Girls,245855,0,53,141,70
Heaven Is for Real,6164426,0,7868,30590,2353
Authors Anonymous,670468,0,43,753,76
Kid Cannabis,37976,0,1,14,9
Transcendence,1557669,0,312,3822,86
13 Sins,1027330,0,186,938,70
The Other Woman,13525983,0,2095,17341,1701
Walking with the Enemy,292615,0,398,836,450
The Amazing Spider-Man 2,14372068,0,11565,53513,2570
Bad Johnson,1359037,0,144,1714,361
Decoding Annie Parker,69326,0,14,53,3
Walk of Shame,887686,0,28,,
Devil's Knot,24428,0,2,35,1
God's Pocket,6425,0,4,6,2
'Moms' Night Out,2773691,0,318,2540,273
Neighbors,1448111,0,242,2379,123
Stage Fright,10907,0,2,17,1
Godzilla,17183863,0,14093,71374,2707
Million Dollar Arm,1854655,0,512,5444,206
The Angriest Man in Brooklyn,4004226,0,1720,9326,609
Blended,9737889,0,2177,24614,2178
Cold in July,35600,0,4,17,4
X-Men: Days of Future Past,20932905,0,8142,56504,2624
Maleficent,17310228,0,7359,61813,2450
A Million Ways to Die in the West,1833677,0,544,6262,474
Edge of Tomorrow,1531999,0,461,3275,174
The Fault in Our Stars,37395323,0,38659,396820,5346
Ping Pong Summer,45254,0,8,73,11
22 Jump Street,1564227,0,83,2131,84
Hellion,10726,0,2,19,2
How to Train Your Dragon 2,9548933,0,10913,45130,1133
Lullaby,758,0,0,0,0
Murder 101,5874,0,2,6,0
Obvious Child,16458,0,14,21,11
The Signal,1612725,0,394,2831,122
Jersey Boys,1622498,0,530,4542,141
Think Like a Man Too,9254110,0,2245,21894,3182
America: Imagine the World Without Her,217735,0,913,647,298
They Came Together,7028,0,2,20,0
Transformers: Age of Extinction,706554,0,45,867,41
Deliver Us from Evil,2554762,0,346,1864,132
Earth to Echo,4039300,0,999,4396,325
Tammy,4198822,0,1217,9195,739
Boyhood,63973,0,7,99,9
Dawn of the Planet of the Apes,11036170,0,3305,28561,1750
Rage,98051,0,54,181,15
Road to Paloma,334232,0,88,918,28
I Origins,3010425,0,1301,7678,645
Persecuted,580078,0,1055,562,706
Planes: Fire & Rescue,2264202,0,553,2212,514
The Purge: Anarchy,15522485,0,9652,30405,2119
Sex Tape,17388572,0,473,5351,1174
Tiger Orange,71879,0,10,109,13
Wish I Was Here,6902530,0,,,
And So It Goes,139563,0,12,94,18
Happy Christmas,25687,0,31,399,9
Hercules,306212,0,48,462,31
Magic in the Moonlight,2117076,0,327,3106,342
Guardians of the Galaxy,1503256,0,1538,9921,208
Mercenaries,586948,0,113,260,169
4 Minute Mile,230198,0,68,512,12
Into the Storm,1474938,0,709,4078,369
Step Up: All In,3598660,0,1267,12523,376
Let's Be Cops,1032403,0,196,2120,112
The Expendables 3,187001,0,44,606,136
The Giver,86575,0,6,30,6
Life After Beth,743455,0,186,1630,184
The One I Love,1705320,0,298,1910,198
If I Stay,6254626,0,2256,36233,560
Leprechaun: Origins,1414724,0,527,2283,485
Love Is Strange,3942,0,2,1,1
The Prince,152412,0,66,225,14
Sin City: A Dame to Kill For,163773,0,57,356,32
"As Above, So Below",10202891,0,9242,34909,1992
Cake,5299137,0,1139,10766,534
Atlas Shrugged: Part III,609034,0,46,104,41
Dolphin Tale 2,1965093,0,610,3613,228
Honeymoon,2090963,0,712,2653,306
No Good Deed,3210059,0,876,5974,376
The Guest,5003330,0,1671,10794,366
A Walk Among the Tombstones,3009592,0,425,3257,478
The Maze Runner,12073556,0,6357,64421,1097
The Scribbler,228519,0,11,128,22
The Skeleton Twins,2351126,0,534,5207,841
This Is Where I Leave You,7599941,0,1314,16192,1264
Tusk,3811115,0,5239,9188,1109
The Boxtrolls,274261,0,169,1159,42
The Equalizer,605996,0,251,1515,36
The Song,620430,0,169,2614,79
The Two Faces of January,1390830,0,184,1551,104
Annabelle,13963012,0,6707,53146,3456
Gone Girl,2767997,0,169,3004,114
The Good Lie,1684143,0,662,4144,244
Left Behind,7044292,0,6844,13436,2650
Last Shift,46524,0,36,144,14
Addicted,7642884,0,1618,12043,1119
"Alexander and the Terrible, Horrible, No Good, Very Bad Day",5899234,0,1574,13457,1029
Dracula Untold,2054811,0,1124,5921,284
The Judge,5538221,0,1054,17135,556
Whiplash,22329,0,2,92,2
You're Not You,3208375,0,785,11786,280
Birdman or (The Unexpected Virtue of Ignorance),2679722,0,921,7682,624
The Book of Life,426898,0,167,1658,87
Camp X-Ray,7194600,0,5691,24375,3488
Dear White People,2175204,0,5386,12468,8317
Fury,7433958,0,1615,10396,1039
Listen Up Philip,49873,0,4,168,6
Nightcrawler,2311529,0,98,335,45
Pernicious,20319,0,7,57,3
Young Ones,5163,0,16,7,0
Laggies,102140,0,10,108,2
Ouija,3989573,0,1000,4629,499
Interstellar,4219014,0,1047,10480,344
A Merry Friggin' Christmas,823327,0,411,2132,145
The Better Angels,25011,0,10,46,2
Big Hero 6,14856872,0,2990,30518,3590
Elsa & Fred,150829,0,24,291,7
Jessabelle,4717965,0,766,7233,602
Beside Still Waters,3051,0,2,21,1
Beyond the Lights,2666568,0,789,10737,293
Dumb and Dumber To,791253,0,162,1198,185
Foxcatcher,20497,0,1,10,1
The Homesman,59002,0,1,107,7
The Hunger Games: Mockingjay – Part 1,22085840,0,14974,138683,3148
Horrible Bosses 2,3480250,0,811,8204,302
Penguins of Madagascar,1480476,0,11,3257,207
Comet,1189216,0,571,6269,123
Wild,568370,0,42,636,62
Exodus: Gods and Kings,451713,0,376,849,75
Inherent Vice,5788023,0,1728,11780,1023
The Color of Time,3414416,0,486,3190,682
Top Five,3911501,0,982,4446,365
Goodbye To All That,545311,0,16,183,26
Annie,5517657,0,7170,20007,3062
Night at the Museum: Secret of the Tomb,6183281,0,2372,18525,804
Big Eyes,3874562,0,1299,14892,381
The Interview,1188717,0,355,4406,214
Into the Woods,3933371,0,1044,12847,432
Unbroken,3925245,0,926,5791,646
The Woman in Black 2: Angel of Death,46919,0,21,80,1
Taken 3,1829111,0,378,3203,173
Let's Kill Ward's Wife,956871,0,305,1848,201
Match,671599,0,76,645,61
Blackhat,144383,0,49,572,8
Little Accidents,1853467,0,161,3159,191
Paddington,2837638,0,478,3467,761
Spare Parts,605869,0,231,1800,124
The Wedding Ringer,3358941,0,382,4060,355
Vice,6574239,0,1237,5532,1337
Veronika Decides to Die,246220,0,115,582,25
The Boy Next Door,10669327,0,3041,21495,1480
Cake,5299137,0,1139,10766,534
The Humbling,1003979,0,268,1369,161
Mortdecai,4486055,0,885,9363,527
Song One,19142,0,3,14,2
Strange Magic,812365,0,268,1506,222
We'll Never Have Paris,22202,0,2,4,6
Black or White,1718246,0,1036,5251,355
The Loft,4358789,0,991,8157,481
Project Almanac,8936033,0,2942,20667,1294
Wild Card,12950844,0,1249,19663,902
Jupiter Ascending,2385572,0,759,4508,351
"Love, Rosie",1641508,0,142,2921,195
Seventh Son,20127360,0,5250,32730,2087
The SpongeBob Movie: Sponge Out of Water,6418421,0,980,30592,2080
The Voices,6270970,0,1448,18242,1002
Accidental Love,6111261,0,838,9888,1131
Da Sweet Blood of Jesus,416669,0,508,1044,484
Fifty Shades of Grey,17936005,0,8206,56956,7543
Kingsman: The Secret Service,16398499,0,3114,46539,1691
The Last 5 Years,553711,0,198,1754,102
The Duff,90333,0,7,239,7
Hot Tub Time Machine 2,1419107,0,633,5195,316
"McFarland, USA",3134161,0,1442,8240,365
Everly,4144585,0,749,5359,1456
Focus,2698420,0,451,3996,360
The Lazarus Effect,345335,0,99,614,39
Out of the Dark,469462,0,102,515,62
Bad Asses on the Bayou,249922,0,53,287,42
Chappie,8068151,0,3464,22224,712
Road Hard,12214,0,3,20,7
The Second Best Exotic Marigold Hotel,1067217,0,221,2736,123
Unfinished Business,3180132,0,234,3177,269
Cinderella,30291951,0,12656,104267,6652
The Cobbler,1177435,0,284,3885,189
Cymbeline,50377,0,27,340,9
Home Sweet Hell,769953,0,97,1125,132
It Follows,5999996,0,3477,13929,1080
Muck,371022,0,59,314,109
Run All Night,7848114,0,1577,13106,661
Danny Collins,2187837,0,375,3299,184
The Divergent Series: Insurgent,1479883,0,549,8613,171
Do You Believe,2010530,0,4520,10554,1758
The Gunman,4400923,0,937,5200,483
Tracers,7426029,0,1378,19576,1382
The Walking Deceased,18254,0,2,18,9
Get Hard,12415372,0,2256,30525,1677
Home,379093,0,484,3881,71
Serena,1941762,0,489,6356,272
While We're Young,858102,0,174,1920,121
Furious 7,69273036,0,23472,326800,9964
Woman in Gold,965874,0,217,1597,100
Ex Machina,6756693,0,2584,15192,642
The Longest Ride,14271811,0,1947,38714,1267
Lost River,2822665,0,779,5483,350
1915,1374565,0,526,2381,472
Alex of Venice,458250,0,70,1102,63
Beyond the Reach,32498,0,,,
Child 44,79336,0,0,10,1
Monkey Kingdom,811989,0,267,1999,111
Paul Blart: Mall Cop 2,282465,0,71,599,58
The Road Within,1320225,0,570,10584,105
True Story,14438230,0,3671,54312,1098
Unfriended,316051,0,130,674,37
Adult Beginners,276894,0,27,475,31
Just Before I Go,3089103,0,346,4777,466
Little Boy,6251857,0,2659,24080,1317
The Age of Adaline,1370637,0,265,4426,91
Avengers: Age of Ultron,43006695,0,23558,206351,7949
Far from the Madding Crowd,266317,0,10,268,27
The D Train,405147,0,51,258,49
Maggie,353230,0,129,794,13
Mad Max: Fury Road,270564,0,163,2231,169
Pitch Perfect 2,2250361,0,479,7448,373
Poltergeist,4749123,0,2325,16074,1190
Tomorrowland,7038577,0,1423,14529,1027
When Marnie Was There,1472049,0,2400,17703,160
Aloha,9719845,0,2333,21498,1521
San Andreas,4405505,0,2033,11519,640
Spy,9428637,0,1669,24752,998
Entourage,7184062,0,1491,18956,1666
Insidious: Chapter 3,12096391,0,2928,33283,1731
Love & Mercy,2277409,0,597,5848,214
Jurassic World,85459279,0,54932,320976,16487
Me and Earl and the Dying Girl,6687294,0,2310,30979,516
Inside Out,7099877,0,1108,16565,1436
Max,7666232,0,2696,32923,1638
Ted 2,30505009,0,7560,135287,7364
Terminator Genisys,12002357,0,6615,28574,3888
Minions,9852953,0,781,20313,2648
Ant-Man,703230,0,305,2363,17
Trainwreck,12366575,0,736,3682,786
Pixels,21072543,0,15603,89283,13450
The Vatican Tapes,3525134,0,1101,6397,1045
She's Funny That Way,2182819,0,236,4370,303
No Escape,6220819,0,2171,9353,822
Agent 47,48324,0,23,394,20
Black Mass,11304962,0,4692,37207,958
Everest,142579,0,6,164,4
War Pigs,723589,0,140,281,173
The Martian,21594667,0,10875,90864,2871
Crimson Peak,58099,0,17,244,4
The Peanuts Movie,2748192,0,1246,12171,435
The Good Dinosaur,3724675,0,695,5006,674
Victor Frankenstein,9426320,0,2879,30401,1821
In the Heart of the Sea,1531512,0,399,3241,131
Concussion,17737076,0,3674,21870,1865
Daddy's Home,2169191,0,262,3698,323
Joy,9159780,0,2368,19726,2587
Point Break,235324,0,60,197,6
The Revenant,25373932,0,8018,63963,2850
Snowden,96524,0,38,269,40
The Forest,2028408,0,477,3743,1511
Anesthesia,2319693,0,779,18434,731
Lamb,196984,0,352,796,211
Ride Along 2,516571,0,106,1987,80
13 Hours: The Secret Soldiers of Benghazi,6523152,0,3539,9883,1403
Norm of the North,2172147,0,,,
The Benefactor,21461,0,0,21,2
Dirty Grandpa,1385118,0,373,3731,293
The 5th Wave,31138,0,19,193,26
The Boy,486063,0,101,958,135
Ip Man 3,93906,0,6,148,10
Synchronicity,1706576,0,237,1564,189
Kung Fu Panda 3,24304675,0,1779,89645,4340
The Finest Hours,7844744,0,1025,8657,573
Fifty Shades of Black,602772,0,158,2267,196
Jane Got a Gun,288102,0,80,439,31
"Hail, Caesar!",10573522,0,2505,21751,1928
Pride + Prejudice + Zombies,1942417,0,115,815,44
The Choice,877484,0,18,112,25
Deadpool,17554923,0,4177,102772,3204
Zoolander 2,21702889,0,9839,83022,5284
How to Be Single,7167295,0,1303,37339,1557
Risen,8075,0,0,5,0
The Witch,50882,0,8,88,15
Race,3378770,0,153,1072,106
Gods of Egypt,4634727,0,2792,11764,1551
Triple 9,2242407,0,45,807,91
Eddie the Eagle,62025,0,40,631,12
Zootopia,5879819,0,1385,10069,605
London Has Fallen,1714519,0,1084,3003,347
Whiskey Tango Foxtrot,5577159,0,2496,14183,2734
The Other Side of the Door,339450,0,254,2293,225
10 Cloverfield Lane,9414129,0,7102,31391,1142
The Young Messiah,471504,0,616,950,115
The Perfect Match,5793660,0,1277,18881,2147
"Hello, My Name Is Doris",2628995,0,728,11334,385
Miracles from Heaven,7409140,0,4929,34789,1503
The Divergent Series: Allegiant,3026387,0,1446,11734,1734
The Bronze,655529,0,108,2773,116
Midnight Special,56681,0,85,672,38
Batman v Superman: Dawn of Justice,28685027,0,52082,177613,15705
My Big Fat Greek Wedding 2,28975,0,10,144,20
I Saw the Light,388227,0,272,3287,33
Everybody Wants Some!!,99549,0,10,92,4
God's Not Dead 2,362469,0,3427,2649,3530
Meet the Blacks,173783,0,22,120,15
Miles Ahead,1060242,0,701,5439,222
The Boss,2763338,0,528,5150,816
Hardcore Henry,7476550,0,988,6589,416
Demolition,40869,0,6,105,9
The Invitation,361284,0,75,303,38
The Jungle Book,517286,0,241,1608,138
Barbershop: The Next Cut,3739492,0,1414,12368,755
Criminal,3416249,0,479,3787,287
Green Room,8456,0,1,34,3
The Huntsman: Winter's War,8558752,0,2532,18142,904
A Hologram for the King,163668,0,2,19,15
Elvis & Nixon,1628071,0,1542,6751,829
Keanu,2581862,0,519,8500,365
Mother's Day,1086713,0,136,725,263
Ratchet & Clank,26404,0,21,130,4
Captain America: Civil War,77883508,0,141380,656561,14598
Money Monster,40055,0,19,262,22
The Darkness,4637246,0,1850,9963,1357
Love & Friendship,506474,0,8,132,4
The Angry Birds Movie,10218470,0,2654,26261,3313
Neighbors 2: Sorority Rising,17780837,0,8129,104632,5118
The Nice Guys,1028536,0,204,5949,264
X-Men: Apocalypse,30049891,0,24858,141287,7591
Alice Through the Looking Glass,207997,0,71,1617,40
TMNT 2: Out of the Shadows,4300098,0,1190,8573,850
Me Before You,6784137,0,1811,30044,1073
Popstar: Never Stop Never Stopping,4592924,0,1370,12836,4064
The Conjuring 2,22799694,0,10282,72000,3861
Warcraft,5563157,0,7025,23093,5087
Now You See Me 2,8620078,0,2958,44127,1098
Finding Dory,3755222,0,1006,12774,405
Central Intelligence,110104,0,88,1592,31
Independence Day: Resurgence,1866442,0,1160,5953,254
The Shallows,20078536,0,10994,64810,7624
Free State of Jones,5289280,0,2187,6405,538
The Neon Demon,9176520,0,4902,34698,4158
The Legend of Tarzan,12537329,0,6551,42269,2955
The BFG,8666093,0,6595,29418,2093
The Purge: Election Year,8459682,0,8876,33098,2156
The Secret Life of Pets,9756300,0,2196,24105,1544
Mike and Dave Need Wedding Dates,1540353,0,257,3725,270
The Infiltrator,2204307,0,114,866,32
Ghostbusters,278824,0,45,371,27
Star Trek Beyond,18477318,0,20763,67074,26821
Ice Age: Collision Course,561503,0,203,4802,88
Lights Out,13906294,0,7446,85012,3299
Jason Bourne,14688350,0,6788,49979,2248
Bad Moms,554021,0,242,1355,280
Nerve,8570311,0,3693,31937,1227
Suicide Squad,84362204,0,87903,651264,19921
Nine Lives,968682,0,548,1966,1656
Pete's Dragon,9741125,0,4827,26252,2360
Sausage Party,4013267,0,1534,10858,796
Florence Foster Jenkins,943129,0,239,1536,62
Ben-Hur,62412,0,37,149,27
Kubo and the Two Strings,6319206,0,3426,28815,1522
War Dogs,5707125,0,220,2988,349
Mechanic: Resurrection,12567269,0,1269,18910,968
Don't Breathe,23133226,0,10040,63437,2557
Hands of Stone,3549253,0,405,2054,147
The Light Between Oceans,1394378,0,306,3612,190
Morgan,1569481,0,893,4247,432
Sully,14765703,0,8703,54735,2057
When the Bough Breaks,1844803,0,1192,9701,495
The Wild Life,1217957,0,451,1508,538
The Disappointments Room,2769860,0,304,1714,820
Bridget Jones's Baby,2417584,0,715,10072,485
Snowden,96524,0,38,269,40
Blair Witch,1723362,0,1885,5122,713
Hillsong: Let Hope Rise,75646,0,36,521,24
The Magnificent Seven,11374024,0,3989,21489,1397
Storks,309958,0,268,2684,152
South of 8,2141,0,0,0,0
Miss Peregrine's Home for Peculiar Children,14132017,0,12200,81867,2678
Deepwater Horizon,5432195,0,2268,12432,1113
Masterminds,3554778,0,409,9965,304
The Girl on the Train,4454751,0,1551,8587,902
The Birth of a Nation,776378,0,2594,4007,406
Middle School: The Worst Years of My Life,1127130,0,247,1304,84
The Accountant,3076845,0,1267,9568,907
Kevin Hart: What Now?,786148,0,404,4684,259
Max Steel,1487407,0,846,3808,768
Jack Reacher: Never Go Back,125561,0,9,172,7
Keeping Up with the Joneses,4293644,0,835,8296,553
Ouija: Origin of Evil,190951,0,36,203,21
Boo! A Madea Halloween,173512,0,209,2024,539
I'm Not Ashamed,520239,0,2733,2778,2852
American Pastoral,231211,0,120,800,46
Inferno,6867809,0,2053,16878,825
Moana,9983273,0,10787,60928,1900
The Founder,251240,0,51,335,20
Sing,6772420,0,3482,15627,1090
A Monster Calls,29613,0,8,121,2
Rings,5900459,0,2898,9966,2498
Underworld: Blood Wars,5298904,0,1488,10795,628
Arsenal,689267,0,203,572,214
Between Us,23838,0,10,80,33
Monster Trucks,57779,0,15,120,43
The Bye Bye Man,5865994,0,2853,9087,1408
Sleepless,343959,0,126,949,182
100 Streets,22324,0,2,13,4
The Book of Love,9676,0,2,38,3
Split,4050684,0,737,4445,447
xXx: Return of Xander Cage,7416501,0,1957,9024,1041
The Resurrection of Gavin Stone,136856,0,97,610,44
Trespass Against Us,855284,0,266,1744,133
Sophie and the Rising Sun,397980,0,64,2626,39
A Dog's Purpose,16132605,0,,120947,13652
Resident Evil: The Final Chapter,9824515,0,8967,67848,6433
Lost in Florence,805198,0,89,2180,120
I Am Michael,774500,0,1068,6022,1699
iBoy,7379788,0,6761,53517,7048
Rings,5900459,0,2898,9966,2498
The Space Between Us,4759302,0,3003,25273,1236
Youth in Oregon,127597,0,52,496,23
I Am Not Your Negro,47647,0,29,485,16
Growing Up Smith,153772,0,1,27,5
The Lego Batman Movie,6926726,0,5676,64569,2185
Fifty Shades Darker,6124889,0,1470,24200,1140
John Wick: Chapter 2,287824,0,241,1602,37
Bornless Ones,48877,0,33,103,62
The Great Wall,2767420,0,4203,5283,3038
A Cure for Wellness,15736534,0,2174,25021,1931
Fist Fight,3816936,0,749,9123,673
American Fable,35194,0,4,101,4
XX,958931,0,218,1323,370
Lovesong,609712,0,199,2781,117
Get Out,14977717,0,20992,50277,12918
Rock Dog,433445,0,252,1359,98
Collide,726915,0,100,1875,80
The Girl with All the Gifts,8876279,0,3379,52347,2988
I Don't Feel at Home in This World Anymore,745747,0,304,2532,83
Contemporary Color,75544,0,16,216,5
Logan,17982564,0,15896,154216,3148
The Shack,66229,0,40,245,20
Before I Fall,7676451,0,3723,52947,1186
Table 19,1418963,0,485,7749,496
The Last Word,2513016,0,43,607,141
Catfight,844107,0,369,4344,308
Donald Cried,44135,0,13,57,20
Kong: Skull Island,13429571,0,8409,58524,2878
Burning Sands,703498,0,511,2252,645
Beauty and the Beast,22190207,0,19308,157498,6845
The Belko Experiment,2743270,0,1854,10584,753
Song to Song,314963,0,35,319,28
Atomica,98172,0,6,43,13
All Nighter,57731,0,5,54,3
The Devil's Candy,194428,0,64,548,50
Power Rangers,3940723,0,1410,9999,779
Life,8432853,0,3443,17821,1348
CHiPs,5935509,0,660,8078,1026
Wilson,155654,0,12,252,39
Victor,9426320,0,2879,30401,1821
Car Dogs,219011,0,16,155,28
Walk of Fame,1366569,0,125,4910,716
Ghost in the Shell,2460218,0,1563,5021,2331
The Boss Baby,7603790,0,497,8978,1426
The Zookeeper's Wife,5125742,0,1416,16965,1015
The Blackcoat's Daughter,725108,0,263,2860,223
The Discovery,2301783,0,1200,9765,435
Carrie Pilby,379095,0,178,4104,90
The Case for Christ,370964,0,506,1425,134
Smurfs: The Lost Village,867614,0,392,1808,327
Going in Style,5072335,0,926,18695,697
Colossal,197119,0,220,2580,173
Gifted,993107,0,318,4464,109
Aftermath,686523,0,160,1688,115
The Fate of the Furious,18139267,0,21910,149537,12126
Spark,6239,0,0,20,0
The Lost City of Z,3738097,0,256,2212,307
My Entire High School Sinking Into the Sea,201957,0,450,2959,1165
The Outcasts,4421538,0,2441,47609,2832
Born in China,294071,0,92,1163,117
Unforgettable,3078543,0,808,5324,803
The Promise,645897,0,856,3285,1227
The Circle,353389,0,132,1231,18
How to Be a Latin Lover,197316,0,8,116,19
Sleight,2452283,0,276,1638,184
Guardians of the Galaxy Vol. 2,20064949,0,18700,235232,3792
The Lovers,337292,0,45,450,68
3 Generations,550355,0,659,6182,224
King Arthur: Legend of the Sword,8301375,0,3584,27930,2248
Snatched,3125538,0,4107,8887,21615
Lowriders,,0,,940,125
The Wall,2301942,0,528,3098,324
Paris Can Wait,1100279,0,383,3609,546
Alien: Covenant,23272121,0,19262,147053,8466
Diary of a Wimpy Kid: The Long Haul,2635547,0,18180,10917,49449
"Everything, Everything",3180377,0,1761,28507,721
Wakefield,533231,0,124,1056,101
Baywatch,12809367,0,3875,41219,6509
Pirates of the Caribbean: Dead Men Tell No Tales,6637412,0,5215,59882,1230
Buena Vista Social Club: Adios,6897,0,3,65,2
War Machine,240388,0,53,588,74
Wonder Woman,25828898,0,26912,223168,8678
Captain Underpants: The First Epic Movie,11870832,0,19835,183423,9208
Dean,66126,0,26,195,36
The Mummy,40452573,0,24251,214561,29126
It Comes at Night,2490331,0,1095,9248,697
My Cousin Rachel,1720214,0,183,1195,154
Megan Leavey,1192961,0,892,11553,722
Beatriz at Dinner,,0,35,140,79
Cars 3,19007263,0,13429,133721,7114
Rough Night,4903189,0,4892,21014,13652
All Eyez on Me,331114,0,162,972,51
47 Meters Down,4190693,0,498,989,497
The Book of Henry,1507023,0,1202,12045,894
Transformers: The Last Knight,12216324,0,7572,38177,4030
The Beguiled,1210272,0,486,3452,521
The Big Sick,4934168,0,469,3314,327
The Bad Batch,558645,0,212,1879,228
Baby Driver,880842,0,407,6256,233
Okja,5247183,0,5109,39508,1851
Despicable Me 3,24595208,0,5224,80840,7615
The House,262569,0,172,3180,227
The Little Hours,629982,0,405,3968,803
Inconceivable,817259,0,223,801,141
A Ghost Story,2913961,0,1439,15290,1083
Spider-Man: Homecoming,8619514,0,2854,39816,1897
War for the Planet of the Apes,586230,0,217,1864,152
Wish Upon,3855331,0,150,712,165
Valerian and the City of a Thousand Planets,464634,0,515,4367,153
Girls Trip,604915,0,354,2210,1116
First Kill,1569133,0,402,2505,229
The Emoji Movie,15799764,0,36030,34973,124863
An Inconvenient Sequel: Truth to Power,2776216,0,4087,15777,2084
Detroit,3284637,0,3623,15776,2584
Brigsby Bear,211752,0,101,809,42
Menashe,252102,0,123,1278,98
The Dark Tower,25357489,0,19905,122736,16083
Kidnap,7457692,0,4009,23842,1343
Step,521138,0,30,354,30
Wind River,1638610,0,635,8324,400
Armed Response,341337,0,56,279,59
Annabelle: Creation,13963020,0,6707,53146,3456
The Glass Castle,529676,0,220,2487,115
The Nut Job 2: Nutty by Nature,3061243,0,458,1519,466
Good Time,1206288,0,439,5013,236
Ingrid Goes West,440127,0,140,1571,272
The Only Living Boy in New York,197424,0,4,36,37
The Hitman's Bodyguard,3123034,0,215,2760,166
Logan Lucky,10027185,0,2241,26519,3584
Patti Cake$,5647933,0,634,2563,450
All Saints,1584569,0,31,441,60
Served Like A Girl,5984,0,3,20,4
Beach Rats,141136,0,46,292,33
Tulip Fever,296092,0,125,941,47
Unlocked,247191,0,23,126,28
It,30892061,0,24818,189575,11982
Home Again,1384700,0,189,1111,465
The Good Catholic,311539,0,246,645,114
Gun Shy,531298,0,92,403,158
American Assassin,174397,0,23,247,16
Mother!,14040294,0,9457,36795,5493
Brad's Status,252350,0,20,241,21
Kingsman: The Golden Circle,353389,0,132,1231,18
The Lego Ninjago Movie,7735418,0,11747,46651,3206
Stronger,141672,0,34,370,10
Battle of the Sexes,819115,0,347,1073,275
Woodshock,502379,0,317,2925,191
Victoria & Abdul,836233,0,251,3269,643
Jeepers Creepers 3,327293,0,55,308,16
American Made,11397676,0,2219,21640,1763
Flatliners,858427,0,160,1634,433
Mark Felt: The Man Who Brought Down the White House,162838,0,29,179,11
Blade Runner 2049,8039830,0,7757,55916,2210
The Mountain Between Us,23838,0,10,80,33
My Little Pony: The Movie,3393701,0,9966,19423,3939
The Florida Project,3169866,0,1144,15997,484
Brawl in Cell Block 99,832460,0,217,1577,198
Happy Death Day,1314492,0,113,640,61
Marshall,917730,0,626,4014,526
Breathe,405940,0,,256,34
Goodbye Christopher Robin,3051832,0,2280,28126,763
Professor Marston and the Wonder Women,1774798,0,661,3514,1063
Blood Money,14763,0,0,10,1
Geostorm,12322661,0,5504,34790,5351
Only the Brave,2010448,0,391,3532,152
Boo 2! A Madea Halloween,1458650,0,1292,11642,670
Same Kind of Different as Me,483367,0,171,1094,181
Leatherface,724548,0,257,3410,195
Wonderstruck,645076,0,10,103,7
The Killing of a Sacred Deer,3023064,0,1403,11834,779
Thank You for Your Service,6344300,0,766,5559,767
Suburbicon,3030652,0,1020,10444,1272
Jigsaw,16336953,0,11556,76907,5244
Novitiate,141403,0,31,215,25
All I See Is You,3977772,0,445,5294,306
Amityville: The Awakening,15831275,0,5501,56909,2910
Thor: Ragnarok,62652455,0,62232,661216,28629
A Bad Moms Christmas,554021,0,242,1355,280
Last Flag Flying,1144369,0,399,3717,244
Lady Bird,12055708,0,3011,65430,2248
Murder on the Orient Express,11314921,0,9378,65401,4814
Daddy's Home 2,3451129,0,2237,29958,2397
LBJ,438262,0,576,2554,266
"Three Billboards Outside Ebbing, Missouri",6889653,0,2867,28826,1352
Mayhem,277348,0,69,507,62
Justice League,34155850,0,65253,410558,26352
The Star,7057364,0,9503,116098,3149
Wonder,1510913,0,1404,7379,233
Cook Off!,694008,0,742,4555,2360
Mr. Roosevelt,105961,0,19,461,72
"Roman J. Israel, Esq.",2253518,0,260,2194,156
Coco,13671687,0,11765,75354,7403
Darkest Hour,805534,0,736,3140,377
The Man Who Invented Christmas,3098319,0,501,2188,148
Call Me by Your Name,775952,0,257,2068,125
The Disaster Artist,7130859,0,4978,65511,1534
The Shape of Water,16761539,0,9039,95155,5344
Wonder Wheel,1383275,0,545,3163,673
"I, Tonya",896175,0,324,3969,205
Just Getting Started,2293639,0,34,366,89
Star Wars: The Last Jedi,7057364,0,9503,116098,3149
Ferdinand,5880687,0,854,8760,976
Beyond Skyline,3219546,0,1679,7505,812
Jumanji: Welcome to the Jungle,27347162,0,23380,159193,51863
The Greatest Showman,15992028,0,4746,85513,2388
Pitch Perfect 3,7931624,0,5845,103172,5503
Downsizing,303420,0,46,347,33
Father Figures,5910954,0,484,9667,861
The Post,15959995,0,3025,17519,2167
Bright,8665606,0,9748,80607,3741
Crooked House,401201,0,73,739,54
Hostiles,4919458,0,43,4614,44
All the Money in the World,3793943,0,1803,13347,1786
Molly's Game,5977670,0,1287,11053,1245
Phantom Thread,9366349,0,2196,23703,3357
